transaction_id,reader_id,reader_name,age,gender,reader_type,membership_date,home_branch_id,book_id,isbn,book_title,author,genre,publication_year,language,format,publisher,branch_id,branch_name,city,area,library_type,branch_capacity,checkout_date,due_date,return_date,transaction_status,renewal_count,reservation_flag,reservation_count,checkout_method,fine_amount,total_copies,available_copies,collection_status
TXN0416,R034,Priya Singh,49,female,Adult,2023-12-26,BR006,B049,9789462806178,The Shattered Journey,Sophia Brown,Thriller,1987,English,Physical,Maplewood Press,BR006,City Knowledge Centre,Nagpur,Civil Lines,Central Library,9000,2024-04-13,2024-04-20,2024-04-17,Returned,0,No,0,Counter,0.0,5,1,High Demand
TXN0143,R144,Anjali Menon,19,Female,Student,2021-06-30,BR007,B081,9785014170428,The Hidden Kingdom,Aditi Verma,Business,2002,English,Physical,Coral Books,BR003,Riverside Library,Pune,Kothrud,Community Library,5500,2024-01-07,2024-01-18,2024-01-19,Overdue,2,Yes,8,Self-Service,129.33,5,1,High Demand
TXN0052,R090,Simran Menon,5,Female,Child,2021-06-23,BR002,B095,9783836517266,The Radiant Storm,Aarav Mehta,Mystery,2017,English,Physical,Ivory Tower Press,BR002,Lakeside Library, Mumbai,Powai,Community Library,6000,2024-03-25,2024-04-10,2024-04-09,Returned,1,No,0,Counter,0.0,4,0,High Demand
TXN0157,R084,Grace Robinson,49,Female,Adult,2022-08-18,BR006,B071,9786204041308,The Whispering Harbor, Sarah Thompson,Fantasy,1972,English,Audiobook,Coral Books,BR003,Riverside Library,Pune,Kothrud,Community Library,5500,2022-03-27,2022-04-07,,Active,1,No,0,Mobile App,0.0,11,11,Low Demand
TXN0120,R112,Meera Malhotra,19,Male,Student,2018-09-12,BR002,B089,9783294092753,The Shattered Journey,Aditi Verma,Fiction,1992,English,Audiobook,Aurora Publications,BR002,Lakeside Library,Mumbai,Powai,Community Library,6000,23/07/2024,2024-08-05,2024-08-15,Returned,0,No,0,Mobile App,49.38,10,2,Normal
TXN0338,R029,Arnav Chopra,31,Female,Adult,2015-06-04,BR006,B020,9784504793184,The Silent Stars,Chloe Bennett,Self-Help,1996,English,Audiobook,Silverline Press,BR005,Heritage Library,Nashik,College Road,Central Library,8000,2024-05-09,2024-05-23,2024-05-19,Returned,0,No,0,Self-Service,0.0,3,0,High Demand
TXN0149,R150,Emily Carter,25,Female,Student,2020-12-19,BR005,B081,9785014170428,The Hidden Kingdom,Aditi Verma,Business,2002,English,Physical,Coral Books,BR008,Metro Reading Centre,Mumbai,Andheri,Community Library,5000,2025-09-14,2025-10-10,2025-10-19,Returned,0,No,0,Self-Service,40.14,5,1,High Demand
TXN0446,R164,Sophia Kim,43,Female,Adult,23/09/2016,BR003,B032,9788507497883,The Crimson Flame,Arjun Rao,Fiction,2013,Marathi,Physical,Bluewave Publishing,BR003,Riverside Library,Pune,Kothrud,Community Library,5500,2022-12-08,2023-01-01,,Active,2,No,0,Counter,0.0,7,7,Limited
TXN0401,R019,Ritika Bose,79,Female,Senior,2023-11-18,BR007,B049,9789462806178,The Shattered Journey,Sophia Brown,Thriller,1987,English,Physical,Maplewood Press,BR007,Sunrise Community Library,Thane,Ghodbunder,Neighborhood Library,2500,2022-03-04,2022-03-25,2022-03-16,Returned,0,Yes,4,Counter,0.0,5,1,High Demand
TXN0417,R170,Tanvi Desai,35,M,Adult,2019-01-19,BR002,B022,9785569956444,  The Lost Legacy,Rohan Desai,Thriller,2001,English,Physical,Aurora Publications,BR002,Lakeside Library,Mumbai,Powai,Community Library,6000,2022-05-24,2022-06-21,,Active,1,Yes,0,Counter,0.0,8,1,Normal
TXN0342,R118,Kabir Bose,6,Female,Child,2025-02-15,BR005,B074,9785837082260,  The Sacred Future,Simran Kaur,Fiction,1982,English,Physical,Maplewood Press,BR005,Heritage Library,Nashik,College Road,Central Library,8000,2025-08-17,2025-09-03,2025-08-17,Returned,0,No,0,Mobile App,0.0,18,15,Normal
TXN0257,R071,Jack Foster,60,Male,Adult,2016-01-18,BR005,B092,9781651662547,The Crimson Flame,Laura Palmer,Science Fiction,1994,English,Physical, Coral Books,BR005,Heritage Library,  Nashik,College Road,Central Library,8000,2025-06-23,2025-07-13,2025-07-30,Overdue,1,No,0,Self-Service,81.37,8,7,Limited
TXN0045,R156,Diya Rao,52,Female,Adult,2025-01-13,BR005,B074,9785837082260,The Sacred Future,Simran Kaur,Fiction,1982,English,Physical,Maplewood Press,BR005,Heritage Library,Nashik,College Road,Central Library,8000,2024-07-13,2024-08-10,2024-07-20,Returned,0,No,0,Mobile App,0.0,18,15,Normal
TXN0162,R073,Amanda Kim,26,Male,Adult,2022-04-21,BR001,B011,9786649827836,The Whispering Harbor,Aditi Verma,Fiction,1977,English,E-Book,Nightingale Books,BR001,Central Public Library,Mumbai,,Central Library,12000,2024-03-18,2024-03-25,2024-03-18,Returned,1,No,0,Mobile App,0.0,6,0,High Demand
TXN0148,R017,Amanda Wilson,53,Female,Adult,2018-12-12,BR005,B079,9785952059278,  The Vanishing Ocean,Sophia Brown,Technology,1984,English,E-Book,Crestwood Press,BR005,Heritage Library,Nashik,College Road,Central Library,8000,2025-03-01,2025-03-10,2025-03-16,Returned,0,No,0,Counter,23.84,4,4,Limited
TXN0059,R091,Jack Evans,55,Male,Adult,2016-08-28,BR008,B049,9789462806178,The Shattered Journey,Sophia Brown,Thriller,1987,English,Physical,Maplewood Press,BR004,Greenfield Library,Pune,Baner,Neighborhood Library,3000,2024-07-12,2024-08-03,2024-08-09,Returned,1,No,0,Counter,17.54,5,1,High Demand
TXN0171,R136,Sanjay Bose,54,Female,Adult,2020-12-10,BR001,B007,9784026113008,The Distant Detective,Kavya Sharma,Romance,1956,French,E-Book,Cedarwood Press,BR001,Central Public Library,Mumbai,Dadar,Central Library,12000,2022-06-07,2022-06-23,2022-06-27,Returned,2,No,1,Self-Service,16.27,8,7,High Demand
TXN0007,R102,Kavya Patel,24,Male,Student,2018-09-14,BR006,B065,9787533932947,The Endless Path,Ritika Menon,Mystery,2011,Hindi,Physical,Maplewood Press,BR006,City Knowledge Centre,Nagpur,Civil Lines,Central Library,9000,2025-05-21,2025-06-01,2025-06-10,Returned,2,No,0,Self-Service,28.07,3,0,High Demand
TXN0227,R123,Ritu Patel,29,Prefer Not to Say,Adult,2017-01-07,BR007,B019,9788760038701,The Vanishing Ocean,Emily Carter,Fiction,1971,Spanish,Physical,Northlight Publishing,BR007,Sunrise Community Library,Thane,Ghodbunder,Neighborhood Library,2500,2023-10-22,2023-11-12,2023-11-18,Returned,0,Yes,0,Mobile App,15.4,6,6,High Demand
TXN0041,R010,Laura Rossi,52,Female,Adult,2016-04-16,BR003,B047,9786796738787,The Distant Detective,Vikram Singh,Mystery,2022,English,Physical,Horizon House,BR003,Riverside Library,Pune,Kothrud,Community Library,5500,2024-03-11,2024-03-29,2024-03-16,Returned,0,No,0,Online,0.0,5,1,High Demand
TXN0424,R127,Rahul Kapoor,22,Female,Student,03-02-2018,BR001,B032,9788507497883,The Crimson Flame,Arjun Rao,Fiction,2013,Marathi,Physical,Bluewave Publishing,BR001,Central Public Library,Mumbai,Dadar,Central Library,12000,2023-06-05,2023-07-02,2023-06-12,Returned,0,No,0,Mobile App,0.0,7,7,Limited
TXN0405,R073,Amanda Kim,26,Male,Adult,2022-04-21,BR001,B095,9783836517266,The Radiant Storm,Aarav Mehta ,Mystery,2017,English,Physical,Ivory Tower Press,BR001,Central Public Library,Mumbai,Dadar,Central Library,12000,2023-06-20,2023-06-28,,Lost,2,Yes,6,Online,783.76,4,0,High Demand
TXN0026,R099,Isabella Wilson,44,Non-Binary,Researcher,2018-03-24,BR010,B016,9788047877267,The Ancient Shadow,Ethan Wilson,Fantasy,1997,,E-Book,Ivory Tower Press,BR010,Knowledge Hub Library,Nagpur,,University Library,7000,2025-07-25,04-Aug-2025,2025-08-13,Returned,1,Yes,2,Online,32.56,8,1,Limited
TXN0089,R084,Grace Robinson,49,Female,Adult,2022-08-18,BR006,B011,9786649827836,The Whispering Harbor,Aditi Verma,Fiction,1977,English,E-Book,Nightingale Books,BR006,City Knowledge Centre,Nagpur,Civil Lines,Central Library,9000,2024-04-02,2024-04-30,2024-04-30,Returned,0,No,0,Counter,0.0,6,0,High Demand
TXN0299,R170,Tanvi Desai,35,Male,Adult,2019-01-19,BR002,B077,9784361393222,The Final Melody,Divya Iyer,Self-Help,2022,English,E-Book,Bluewave Publishing,BR001,Central Public Library,Mumbai,Dadar,Central Library,12000,2022-12-25,2023-01-01,2023-01-04,Returned,1,Yes,0,Counter,8.58,11,10,Low Demand
TXN0134,R012,Sneha Joshi,52,Female,Adult,2023-05-13,BR003,B034,9783553440342,The Sacred Future,Oliver James,Fiction,2022,English,Physical,Everest Publications,BR003,Riverside Library,Pune,Kothrud ,Community Library,5500,2022-05-11,2022-05-26,2022-05-20,Returned,1,No,0,Counter,0.0,8,7,Limited
TXN0481,R054,Devansh Trivedi,45,Female,Adult,2019-10-12,BR001,B065,9787533932947,  The Endless Path,Ritika Menon,Mystery,2011,Hindi,Physical,Maplewood Press,BR001,Central Public Library,Mumbai,Dadar,Central Library,12000,2025-02-26,2025-03-05,,Active,3,No,0,Counter,0.0,3,0,High Demand
TXN0105,R081,Ritika Gupta,76,Male,Senior,2015-07-19,BR001,B065,9787533932947,The Endless Path,Ritika Menon,Mystery,2011,Hindi,Physical,  Maplewood Press,BR001,Central Public Library,Mumbai,Dadar,Central Library,12000,2022-02-25,2022-03-19,2022-03-27,Returned,1,No,1,Self-Service,33.09,3,0,High Demand
TXN0197,R105,Arnav Sharma,62,Female,Senior,2025-03-29,BR009,B001,9783746317213,The Hidden Kingdom,Rohan Desai,Biography,2002,English,Physical,Ivory Tower Press,BR005,Heritage Library,Nashik,College Road,Central Library,8000,2024-11-10,2024-12-01,14-Nov-2024,Returned,1,No,1,Counter,0.0,20,18,Low Demand
TXN0323,R005,Ritu Bhatt,57,Male,Adult,2022-08-11,BR005,B020,9784504793184,The Silent Stars,Chloe Bennett,Self-Help,1996,English,Audiobook,Silverline Press,BR005,Heritage Library,Nashik,College Road,Central Library,8000,2024-01-01,2024-01-21,2024-01-01,Returned,2,No,1,Mobile App,0.0,3,0,High Demand
TXN0239,R054,Devansh Trivedi,45,Female,Adult,2019-10-12,BR001,B044,9784218981849,The Golden Labyrinth,Emily Carter,Health,1986,Hindi,E-Book,,BR001,Central Public Library,Mumbai,Dadar,Central Library,12000,2024-06-01,2024-06-30,2024-06-21,Returned,0,No,0,Self-Service,0.0,6,4,High Demand
TXN0273,R049,Ritu Chopra,37,Female,Adult,2019-06-20,BR010,B065,9787533932947,The Endless Path,Ritika Menon,Mystery,2011,Hindi,Physical,Maplewood Press,BR010,Knowledge Hub Library,Nagpur,Dharampeth,UNIVERSITY LIBRARY,7000,2022-12-01,24/12/2022,2022-12-05,Returned,0,No,0,Counter,0.0,3,0,High Demand
TXN0283,R126,Isabella Adams,39,Female,Adult,2022-07-21,BR006,B007,9784026113008,The Distant Detective,Kavya Sharma,Romance,1956,French,E-Book,Cedarwood Press,BR006,City Knowledge Centre,Nagpur,Civil Lines,Central Library,9000,2023-10-27,2023-11-15,2023-11-18,Returned,0,No,0,Mobile App,8.68,8,7,High Demand
TXN0034,R033,,12,Female,Child,2019-12-10,BR004,B007,9784026113008,The Distant Detective,Kavya Sharma,Romance,1956,French,E-Book,Cedarwood Press,BR004,Greenfield Library,Pune,Baner,Neighborhood Library,3000,2025-08-17,2025-09-02,2025-09-10,Returned,0,No,0,Counter,35.69,8,7,High Demand
TXN0071,R080,Tanvi Joshi,35,Female,Adult,2020-07-30,BR001,B028,9785618742930,The Forgotten Garden,Chris Evans,Fiction,2022,English,Physical,Horizon House,BR010,Knowledge Hub Library,Nagpur,Dharampeth,University Library,7000,2024-01-21,2024-02-01,2024-01-25,Returned,1,No,0,Self-Service,0.0,11,11,Normal
TXN0161,R010,Laura Rossi,52,Female,Adult,2016-04-16,BR003,B016,9788047877267,The Ancient Shadow,Ethan Wilson,Fantasy,1997,English,E-Book,Ivory Tower Press,BR003,Riverside Library,Pune,Kothrud,Community Library,5500,2023-02-21,2023-03-18,2023-03-08,Returned,1,No,0,Counter,0.0,8,1,Limited
TXN0158,R054,Devansh Trivedi,45,Female,Adult,2019-10-12,BR001,B060,9782047905204,The Silent Stars,Devansh Rathi,Technology,1974,Marathi,E-Book,Golden Quill Publishing,BR001,Central Public Library,Mumbai,Dadar,Central Library,12000,2022-07-27,2022-08-14,2022-08-22,Returned,0,Yes,1,Counter,18.78,8,5,Limited
TXN0415,R064,Olivia Bennett,20,Female,Student,14/12/2016,BR008,B069,9786242173772,The Shattered Journey,Vikram Singh,Fantasy,2013,English,E-Book,Golden Quill Publishing ,BR010,Knowledge Hub Library,Nagpur,Dharampeth,University Library,7000,2024-01-02,2024-01-27,2024-01-29,Returned,1,No,0,Mobile App,5.92,4,1,High Demand
TXN0130,R035,Ryan Martin,61,Female,Senior,2022-12-23,BR008,B066,9783319936135,The Secret Mountain,Maya Anderson,Mystery,2008,English,Physical,Coral Books,BR008,Metro Reading Centre,Mumbai,Andheri,Community Library,5000,2025-06-01,2025-06-23,,Overdue,0,No,0,Counter,146.91,5,1,High Demand
TXN0330,R011,Olivia Mitchell,32,Female,researcher,2015-12-27,BR004,B041,9789503167458,The Hidden Kingdom,Aarav Mehta,Biography,2017,English,Physical,Horizon House,BR004,Greenfield Library,Pune,Baner,Neighborhood Library,3000,2022-01-27,2022-02-24,2022-02-20,Returned,0,No,0,Counter,0.0,16,13,Low Demand
TXN0425,R029,Arnav Chopra,31,FEMALE,Adult,2015-06-04,BR006,B066,9783319936135,The Secret Mountain,Maya Anderson,Mystery,2008,English,Physical,Coral Books,BR006,City Knowledge Centre,Nagpur,Civil Lines,Central Library,9000,2023-09-26,2023-10-24,2023-10-20,Returned,1,No,0,Counter,0.0,5,1,High Demand
TXN0038,R114,Olivia Rossi,50,Female,Adult,2022-09-28,BR001,B066,9783319936135,  The Secret Mountain,Maya Anderson,Mystery,2008,English,Physical,Coral Books,BR001,Central Public Library,Mumbai, Dadar,Central Library,12000,2022-02-10,2022-02-27,2022-04-03,Overdue,1,No,0,Counter,249.67,5,1,High Demand
TXN0482,R106,Kabir Reddy,18,Non-Binary,Student,02-Nov-2023,BR005,B056,9788106906538,The Ancient Shadow,Ava Mitchell,Children,2023,English,E-Book,Golden Quill Publishing,BR005,Heritage Library,Nashik,College Road,Central Library,8000,2025-02-04,2025-03-01,2025-02-13,Returned,1,Yes,1,Online,0.0,15,12,Normal
TXN0246,R070,Yash Joshi,45,Non-Binary,Adult,2024-06-26,BR001,B031,9788380507338,The Whispering Harbor,Ishaan Kapoor,Mystery,2000,English,E-Book,Bluewave Publishing,BR001,Central Public Library,Mumbai,Dadar,Central Library,12000,10-05-2025,2025-06-06,2025-05-25,Returned,1,No,0,Counter,0.0,2,1,High Demand
TXN0321,R171,Kavya Kapoor,56,Female,Adult,2018-06-01,BR001,B092,9781651662547,The Crimson Flame,Laura Palmer,Science Fiction,1994,English,Physical,Coral Books,BR001,Central Public Library,Mumbai,Dadar,Central Library,12000,06-Dec-2022,2022-12-13,2022-12-09,Returned,0,No,0,Counter,0.0,8,7,Limited
TXN0225,R024,Ethan Robinson,49,Male,Adult,2024-10-16,BR001,B091,9788996039244,The Whispering Harbor,Ethan Wilson,History,2009,English,Physical,Bluewave Publishing,BR005,Heritage Library,Nashik,College Road,Central Library,8000,2024-03-22,2024-04-01,2024-04-03,Returned,0,No,0,Mobile App,6.54,5,4,Normal
TXN0013,R132,Ethan James,,Male,Child,2017-06-24,BR004,B068,9783987248494,The Forgotten Garden,Chloe Bennett,Thriller,2013,Spanish,Physical,Coral Books,BR004,Greenfield Library,Pune,Baner,Neighborhood Library,3000,2024-11-28,2024-12-09,2024-12-14,Overdue,0,Yes,10,Self-Service,113.54,5,1,High Demand
TXN0385,R110,Sarah Robinson,9,F,Child,2024-08-07,BR006,B029,9784645120421,The Shattered Journey,Aarav Mehta,Children,2013,Marathi,Audiobook,Silverline Press,BR006,City Knowledge Centre,Nagpur,Civil Lines,Central Library,9000,2022-10-04,2022-10-20,2022-10-11,RETURNED,0,No,0,Counter,0.0,11,6,Limited
TXN0289,R053,Devansh Nair,30,Female,Adult,2021-02-12,BR002,B040,9787393195616,The Silent Stars,Arjun Rao,Fiction,2010,English,Physical,Golden Quill Publishing,BR002,Lakeside Library,Mumbai,Powai,Community Library,6000,2024-09-14,2024-10-06,02-10-2024,Returned,0,Yes,0,Counter,0.0,9,7,Normal
TXN0113,R093,Maya Wilson,25,Non-Binary,Student,2022-11-30,BR001,B031,9788380507338,The Whispering Harbor,Ishaan Kapoor,Mystery,2000,English,E-Book,Bluewave Publishing,BR001,Central Public Library,Mumbai,Dadar,Central Library,12000,2025-06-13,2025-06-21,2025-07-01,Returned,2,No,0,Counter,46.14,2,1,High Demand
TXN0412,R059,Ishaan Chopra,71,Male,Senior,2019-02-12,BR003,B076,9784070964768,The Ancient Shadow,Neha Kapoor,Thriller,2035,English,E-Book,Everest Publications,BR007,Sunrise Community Library,Thane,Ghodbunder,Neighborhood Library,2500,2023-04-16,2023-05-14,2023-05-20,Returned,0,No,0,Counter,23.4,15,15,Normal
TXN0304,R169,Ishaan Malhotra,58,M,Adult,2018-05-18,BR002,B010,9783392080953,The Rising Horizon,Nikhil Bhatt,Fantasy,1955,English,E-Book,Golden Quill Publishing,BR002,Lakeside Library,Mumbai,Powai,Community Library,6000,2024-11-26,2024-12-23,2024-12-15,Returned,0,Yes,3,Self-Service,0.0,8,5,Normal
TXN0439,R094,Sneha Iyer,45,Prefer Not to Say,Adult,2016-12-10,BR004,B091,9788996039244,The Whispering Harbor,Ethan Wilson,History,2009,English,Physical,Bluewave Publishing ,BR006,City Knowledge Centre,Nagpur,Civil Lines,Central Library,9000,2025-07-28,2025-08-16,2025-07-28,Returned,0,No,0,Mobile App,0.0,5,4,Normal
TXN0021,R153,Rahul Reddy,47,Male,Adult,2020-02-24,BR005,B081,9785014170428,The Hidden Kingdom,Aditi Verma,Business,2002,English,Physical,Coral Books,BR005,Heritage Library,Nashik,College Road,Central Library,8000,2022-04-26,2022-05-13,2022-05-11,Returned,0,No,0,Self-Service,0.0,5,1,High Demand
TXN0328,R162,Simran Malhotra,50,Prefer Not to Say,Adult,2023-10-15,BR010,B066,9783319936135,The Secret Mountain,Maya Anderson,Mystery,2008,English,Physical,Coral Books,BR006,City Knowledge Centre,Nagpur,Civil Lines,Central Library,9000,2025-09-09,2025-09-23,2025-09-15,Returned,0,No,0,Counter,0.0,5,1,High Demand
TXN0256,R168,Maya Foster,43,M,Adult,2025-02-24,BR010,B022,9785569956444,The Lost Legacy,Rohan Desai,Thriller,2001,English,Physical,Aurora Publications,BR010,Knowledge Hub Library, Nagpur,Dharampeth,University Library,7000,2022-11-15,2022-12-12,2022-12-11,Returned,1,No,0,Counter,0.0,8,1,Normal
TXN0004,R121,Isabella Carter,16,Female,Student,2019-06-10,BR002,B081,9785014170428,The Hidden Kingdom,Aditi Verma ,Business,2002,English,Physical,Coral Books,BR002,Lakeside Library,Mumbai,Powai,Community Library,6000,27-Feb-2023,2023-03-13,,Overdue,0,Yes,8,Mobile App,98.97,5,1,High Demand
TXN0302,R055,Ava Robinson,23,Male,Student,2019-11-17,BR002,B055,9786587537178,The Radiant Storm,Chris Evans,Health,2004,English,E-Book,Riverside Books,BR002,Lakeside Library,Mumbai,Powai,Community Library,6000,2025-09-21,2025-10-02,05-Nov-2025,Overdue,0,No,0,Online,74.93,11,11,Normal
TXN0217,R167,Devansh Rathi,16,Male,Student,2023-10-19,BR003,B020,9784504793184,The Silent Stars,Chloe Bennett,Self-Help,1996,English,Audiobook,Silverline Press,BR003,Riverside Library,Pune,Kothrud,Community Library,5500,2023-03-05,2023-03-28,2023-03-31,Returned,1,No,0,Counter,9.06,3,0,High Demand
TXN0167,R031,Rahul Bhatt,18,Female,Student,2023-01-26,BR002,B066,9783319936135,The Secret Mountain,Maya Anderson,Mystery,2008,English,Physical,Coral Books,BR002,Lakeside Library,Mumbai,Powai,Community Library,6000,2024-02-15,2024-03-15,2024-02-19,Returned,0,No,0,Self-Service,0.0,5,1,High Demand
TXN0129,R062,Henry Thompson,34,Male,Researcher,2025-01-28,BR006,B065,9787533932947,The Endless Path,Ritika Menon,Mystery,2011,Hindi,Physical,Maplewood Press,BR006,City Knowledge Centre,Nagpur ,Civil Lines,Central Library,9000,2022-06-16,2022-06-30,2022-06-25,Returned,1,No,0,Counter,0.0,3,0,High Demand
TXN0023,R099,Isabella Wilson,44,Non-Binary,Researcher,2018-03-24,BR010,B032,9788507497883,The Crimson Flame,Arjun Rao,Fiction,2013,Marathi,Physical,Bluewave Publishing,BR010,Knowledge Hub Library,Nagpur,Dharampeth,University Library,7000,2023-12-21,2023-12-28,2024-01-03,Overdue,1,No,1,Counter,60.26,7,7,Limited
TXN0112,R048,Sophia Adams,23,Female,Student,2015-06-01,BR002,B028,9785618742930,The Forgotten Garden,Chris Evans,Fiction,2022,English,Physical,Horizon House,BR002,Lakeside Library,Mumbai,Powai,Community Library,6000,2024-03-24,2024-04-03,2024-04-13,Returned,1,No,0,Mobile App,30.89,11,11,Normal
TXN0102,R120,Ananya Pillai,17,Female,Student,2016-06-24,BR005,B019,9788760038701,The Vanishing Ocean,Emily Carter,Fiction,1971,,Physical,Northlight Publishing,BR005,Heritage Library,Nashik,College Road,Central Library,8000,2024-07-05,2024-07-25,,Lost,3,No,1,Counter,387.09,6,6,High Demand
TXN0124,R152,Ishaan Verma,18,Male,Student,2017-02-25,BR006,B031,9788380507338,The Whispering Harbor,Ishaan Kapoor,Mystery,2000,English,E-Book,Bluewave Publishing,BR001,Central Public Library,Mumbai,Dadar,Central Library,12000,2024-09-09,2024-09-18,2024-09-19,Returned,0,Yes,5,Counter,4.3,2,1,High Demand
TXN0240,R034,Priya Singh,49,Female,Adult,2023-12-26,BR006,B049,9789462806178,The Shattered Journey,Sophia Brown,Thriller,1987,English,Physical,Maplewood Press ,BR001,Central Public Library,Mumbai,Dadar,Central Library,12000,2024-05-17,14-Jun-2024,2024-06-09,Returned,1,No,0,Self-Service,0.0,5,1,High Demand
TXN0065,R115,Ishaan Shah,69,Male,Senior,2016-09-19,BR004,B076,9784070964768,The Ancient Shadow,Neha Kapoor,Thriller,1964,English,E-Book,Everest Publications,BR004,Greenfield Library,Pune,Baner,Neighborhood Library,3000,2023-10-16,2023-11-03,2023-10-26,Returned,1,Yes,0,Mobile App,0.0,15,15,Normal
TXN0016,R066,Devansh Desai,23,Female,Student,2015-09-27,BR002,B059,9785607762160,The Vanishing Ocean,Grace Kim,Business,2018,Hindi,Physical,Coral Books ,BR002,Lakeside Library,Mumbai,Powai,Community Library,6000,2022-07-15,2022-07-27,2022-08-05,RETURNED,2,Yes,0,Mobile App,41.55,9,7,Low Demand
TXN0470,R153,Rahul Reddy,47,M,Adult,2020-02-24,BR005,B027,9781469306919,The Distant Detective,Lucas Martin,Mystery,2012,English,Physical,Nightingale Books,BR005,Heritage Library,Nashik,College Road,Central Library,8000,2022-09-28,2022-10-23,2022-10-22,Returned,1,No,0,Self-Service,0.0,9,6,Normal
TXN0346,R099,Isabella Wilson,44,Non-Binary,Researcher,2018-03-24,BR010,B040,9787393195616,The Silent Stars,Arjun Rao,Fiction,2010,English,Physical,Golden Quill Publishing,BR006,City Knowledge Centre,Nagpur,Civil Lines,Central Library,9000,07-02-2022,2022-03-07,2022-03-08,Returned,1,No,0,Online,3.8,9,7,Normal
TXN0136,R177,Laura Anderson,6,Female,Child,2020-08-07,BR001,B049,9789462806178,The Shattered Journey,Sophia Brown,Thriller,1987,English,Physical,Maplewood Press,BR001,Central Public Library,Mumbai,Dadar,Central Library,12000,2023-05-11,2023-05-24,2023-05-28,Returned,1,No,0,Self-Service,8.94,5,1,High Demand
TXN0486,R044,Rahul Desai,18,Female,Student,2020-11-24,BR005,B094,9783667292043,The Sacred Future,Oliver James,Education,1994,Hindi,Physical,Everest Publications,BR005,Heritage Library,Nashik,,Central Library,8000,2025-05-28,2025-06-08,2025-06-14,Returned,0,No,0,Mobile App,29.49,7,4,Limited
TXN0018,R106,Kabir Reddy,18,Non-Binary,Student,2023-11-02,BR005,B007,9784026113008,The Distant Detective,Kavya Sharma,Romance,1956,French,E-Book,Cedarwood Press,BR005,Heritage Library,Nashik,College Road,Central Library,8000,2022-12-11,2022-12-21,,Returned,0,No,0,Self-Service,0.0,8,7,High Demand
TXN0335,R054,Devansh Trivedi,45,Female,Adult,2019-10-12,BR001,B011,9786649827836,The Whispering Harbor,Aditi Verma,Fiction,1977,English,E-Book,Nightingale Books,BR001,Central Public Library,Mumbai,Dadar,Central Library,12000,2024-06-14,2024-07-11,2024-07-04,Returned,1,No,1,Counter,0.0,6,0,High Demand
TXN0287,R170,Tanvi Desai,35,Male,Adult,2019-01-19,BR002,B092,9781651662547,The Crimson Flame,Laura Palmer,Science Fiction,1994,English,Physical,Coral Books,BR008,Metro Reading Centre,Mumbai,Andheri,Community Library,5000,21-Aug-2022,2022-09-04,2022-09-07,Returned,1,No,0,Self-Service,7.72,8,7,Limited
TXN0066,R073,Amanda Kim,26,Male,Adult,2022-04-21,BR001,B049,9789462806178, The Shattered Journey,Sophia Brown,Thriller,1987,English,Physical,Maplewood Press,BR001,Central Public Library,Mumbai,Dadar,Central Library,12000,2023-06-18,2023-07-10,2023-07-04,Returned,2,No,0,Counter,0.0,5,1,High Demand
TXN0260,R092,Sanjay Kapoor,32,Male,Adult,2019-08-19,BR006,B070,9781116402431,The Rising Horizon,  Devansh Rathi,Children,1970,English,Physical,Maplewood Press,BR006,City Knowledge Centre,Nagpur,Civil Lines,Central Library,9000,2024-10-09,2024-10-21,2024-10-18,Returned,1,No,0,Counter,0.0,11,3,High Demand
TXN0262,R050,Isabella Mitchell,20,Male,Student,2024-09-01,BR008,B046,9784011966884,The Secret Mountain,Sneha Reddy,Business,1969,English,E-Book,Northlight Publishing,BR008,Metro Reading Centre,Mumbai,Andheri,Community Library,5000,2023-06-09,2023-06-20,2023-06-27,Returned,0,No,0,Online,16.46,5,3,Limited
TXN0427,R092,Sanjay Kapoor,32,Male,Adult,2019-08-19,BR006,B035,9788370987661,The Radiant Storm,Emily Carter,Fantasy,1996,English,Physical,Skyline Publications,BR006,City Knowledge Centre,Nagpur,Civil Lines,Central Library,9000,2024-06-19,2024-06-30,2024-07-06,Returned,0,No,0,Self-Service,15.33,11,9,Low Demand
TXN0374,R110,Sarah Robinson,9,Female,Child,2024-08-07,BR006,B066,9783319936135,The Secret Mountain,Maya Anderson,Mystery,2008,English,Physical,Coral Books,BR006,City Knowledge Centre,Nagpur,Civil Lines,Central Library,9000,2022-08-22,2022-09-21,2022-09-16,Returned,0,No,0,Counter,0.0,5,1,High Demand
TXN0027,R098,Ritika Bhatt,85,Female,Senior,2021-02-02,BR003,B069,9786242173772,The Shattered Journey,Vikram Singh,Fantasy,2013,English,E-Book,Golden Quill Publishing,BR003,Riverside Library,Pune,Kothrud,Community Library,5500,2023-06-28,2023-07-06,2023-07-13,Returned,0,No,0,Mobile App,30.58,4,1,High Demand
TXN0449,R116,Tanvi Bose,45,Male,Researcher,2023-12-29,BR006,B047,9786796738787,The Distant Detective,Vikram Singh,Mystery,2022,English,Physical,Horizon House,BR004,Greenfield Library,Pune,Baner,Neighborhood Library,3000,2025-01-25,2025-02-22,2025-02-17,Returned,0,No,0,Counter,0.0,5,1,High Demand
TXN0020,R032,Nathan Foster,20,Female,Student,2017-09-06,BR002,B069,9786242173772,The Shattered Journey,Vikram Singh,Fantasy,2013,English,E-Book,Golden Quill Publishing,BR002,Lakeside Library,Mumbai,Powai,Community Library,6000,2024-08-17,2024-08-28,2024-09-02,Returned,0,No,0,Counter,19.65,4,1,High Demand
TXN0044,R128,Laura Robinson,84,Male,Senior,2023-08-04,BR010,B045,9789265609985,The Endless Path,Grace Kim,History,1969,Hindi,Physical,Golden Quill Publishing,BR009,Hillview Library,Pune,Aundh,Neighborhood Library,2800,2024-05-06,2024-05-29,2024-05-14,Returned,0,Yes,2,Mobile App,0.0,12,9,Low Demand
TXN0485,R177,Laura Anderson,6,Female,Child,2020-08-07,BR001,B081,9785014170428,The Hidden Kingdom,Aditi Verma,Business,2002,English,Physical,,BR001,Central Public Library,Mumbai,,Central Library,12000,2025-09-08,2025-09-26,2025-09-08,Returned,3,No,0,Counter,0.0,5,1,High Demand
TXN0122,R170,Tanvi Desai,35,Male,Adult,2019-01-19,BR002,B054,9781546696950,The Sacred Future,Grace Kim,Romance,2008,Hindi,Physical,Riverside Books,BR002,Lakeside Library,Mumbai,Powai,Community Library,6000,2024-10-16,2024-11-07,,Active,2,No,0,Mobile App,0.0,7,3,High Demand
TXN0465,R137,Meera Gupta,38,Male,Adult,2016-01-14,BR005,B060,9782047905204,The Silent Stars,Devansh Rathi,Technology,1974,Marathi,E-Book,Golden Quill Publishing,BR010,Knowledge Hub Library,Nagpur,Dharampeth,University Library,7000,2022-10-13,2022-11-06,2022-10-30,Returned,0,No,0,Self-Service,0.0,8,5,Limited
TXN0298,R055,Ava Robinson,23,Male,Student,2019-11-17,BR002,B065,9787533932947,The Endless Path,Ritika Menon,Mystery,2011,Hindi,Physical,Maplewood Press,BR002,Lakeside Library,Mumbai,Powai,Community Library,6000,12/11/2024,2024-11-24,2024-11-28,Returned,1,No,0,Counter,13.98,3,0,High Demand
TXN0487,R092,Sanjay Kapoor,32,Male,Adult,2019-08-19,BR006,B022,9785569956444,The Lost Legacy,Rohan Desai,Thriller,2001,English,Physical,Aurora Publications,BR006,City Knowledge Centre,Nagpur,Civil Lines,Central Library,9000,2022-12-23,2023-01-03,,Returned,0,No,0,Counter,6.23,8,1,Normal
TXN0447,R164,Sophia Kim,43,Female,Adult,2016-09-23,BR003,B028,9785618742930, The Forgotten Garden,Chris Evans,Fiction,2022,English,Physical,Horizon House,BR003,Riverside Library,Pune,Kothrud,Community Library,5500,2024-06-10,07/07/2024,2024-07-09,Returned,2,No,0,Counter,9.35,11,11,Normal
TXN0092,R094,Sneha Iyer,45,Prefer Not to Say,Adult,10/12/2016,BR004,B047,9786796738787,The Distant Detective,Vikram Singh,Mystery,2022,English,Physical,Horizon House,BR004,Greenfield Library,Pune,Baner,Neighborhood Library,3000,2023-09-19,2023-09-28,2023-09-30,Returned,0,No,0,Counter,6.09,5,1,High Demand
TXN0392,R172,Divya Patel,49,Female,Adult,2024-02-23,BR008,B020,9784504793184,The Silent Stars,Chloe Bennett,Self-Help,1996,English,Audiobook,Silverline Press,BR008,Metro Reading Centre,Mumbai,Andheri,Community Library,5000,20/05/2025,2025-06-13,2025-06-05,Returned,1,No,0,Counter,0.0,3,0,High Demand
TXN0063,R105,Arnav Sharma,62,Female,Senior,2025-03-29,BR009,B071,9786204041308,The Whispering Harbor,Sarah Thompson,Fantasy,1972,English,Audiobook,Coral Books,BR009,Hillview Library,Pune,Aundh,Neighborhood Library,2800,2025-03-10,2025-03-20,2025-03-18,Returned,1,No,0,Counter,0.0,11,11,Low Demand
TXN0376,R004,Zoe Robinson,17,Male,Student,2019-12-16,BR004,B051,9788339176912,The Whispering Harbor,Ananya Mehta,Self-Help,1961,English,Audiobook,Ivory Tower Press,BR004,Greenfield Library,Pune,Baner,Neighborhood Library,3000,2022-11-20,2022-11-30,2022-12-02,Returned,0,No,0,Counter,5.01,6,0,High Demand
TXN0344,R031,Rahul Bhatt,18,Female,Student,2023-01-26,BR002,B060,9782047905204,The Silent Stars,Devansh Rathi,Technology,1974,Marathi,E-Book,Golden Quill Publishing,BR002,Lakeside Library,Mumbai,Powai,Community Library,6000,2024-07-21,2024-08-08,2024-08-14,Returned,2,No,0,Counter,14.62,8,5,Limited
TXN0395,R154,Sophia Bennett,36,Male,Researcher,2024-08-16,BR006,B070,9781116402431,The Rising Horizon,Devansh Rathi,Children,1970,English,Physical,Maplewood Press,BR001,Central Public Library,Mumbai,Dadar,Central Library,12000,2025-06-17,2025-07-16,20-Jun-2025,Returned,1,No,1,Mobile App,0.0,11,3,High Demand
TXN0107,R065,Nathan Baker,17,Prefer Not to Say,Student,2015-04-18,BR003,B022,9785569956444,The Lost Legacy,Rohan Desai,Thriller,2001,English,Physical,Aurora Publications,BR008,Metro Reading Centre,Mumbai,  Andheri,Community Library,5000,2024-05-15,2024-05-29,2024-06-03,Returned,1,No,0,Self-Service,21.03,8,1,Normal
TXN0193,R132,Ethan James,10,Male,Child,2017-06-24,BR004,B031,9788380507338,The Whispering Harbor,Ishaan Kapoor,Mystery,2000,English,E-Book,Bluewave Publishing,BR004,Greenfield Library,Pune,Baner,Neighborhood Library,3000,2025-09-20,2025-10-14,2025-09-25,Returned,0,No,0,Online,0.0,2,1,High Demand
TXN0400,R123,Ritu Patel,29,Prefer Not to Say,Adult,07-Jan-2017,BR007,B062,9784643576871,The Lost Legacy,Ava Mitchell,Fiction,2012,English,Physical,Maplewood Press,BR007,Sunrise Community Library,Thane,Ghodbunder,Neighborhood Library,2500,2022-07-04,2022-07-13,2022-07-17,Returned,0,No,0,Counter,15.85,2,1,High Demand
TXN0220,R105,Arnav Sharma,62,Female,Senior,2025-03-29,BR009,B095,9783836517266,The Radiant Storm,Aarav Mehta,Mystery,2017,English,Physical, Ivory Tower Press,BR001,Central Public Library,Mumbai,Dadar,Central Library,12000,2023-10-04,2023-10-18,2023-10-26,Returned,1,Yes,6,Counter,21.44,4,0,High Demand
TXN0458,R016,William Bennett,25,Female,Student,2018-07-18,BR001,B082,9782444812497,The Lost Legacy,Meera Pillai,Health,1998,English,E-Book,  Maplewood Press,BR001,Central Public Library,Mumbai,Dadar,Central Library,12000,2025-03-01,2025-03-09,2025-03-10,RETURNED,0,No,0,Counter,3.42,15,14,Low Demand
TXN0195,R084,Grace Robinson,49,Female,Adult,2022-08-18,BR006,B020,9784504793184,The Silent Stars,Chloe Bennett,Self-Help,1996,English,Audiobook,Silverline Press,BR006,City Knowledge Centre,Nagpur,Civil Lines,Central Library,9000,2024-04-11,2024-04-25,2024-05-04,Returned,1,No,1,Counter,43.36,3,0,High Demand
TXN0391,R098,Ritika Bhatt,85,F,Senior,2021-02-02,BR003,B096,9787845366946,The Ancient Shadow,Karan Malhotra,Fiction,2004,English,E-Book,Horizon House,BR003,Riverside Library,Pune,Kothrud,Community Library,5500,2023-06-14,2023-07-07,2023-06-23,Returned,0,No,0,Counter,0.0,10,4,Normal
TXN0341,R099,Isabella Wilson,44,Non-Binary,Researcher,2018-03-24,BR010,B049,9789462806178,The Shattered Journey,Sophia Brown,Thriller,1987,English,Physical,Maplewood Press,BR010,Knowledge Hub Library,Nagpur,Dharampeth,University Library,7000,2022-10-08,2022-11-03,2022-11-06,Returned,1,No,1,Self-Service,9.46,5,1,High Demand
TXN0279,R010,Laura Rossi,52,Female,Adult,2016-04-16,BR003,B018,9784944899549,The Quiet Chronicle,Zoe Baker,Fantasy,1990,Spanish,E-Book,Cedarwood Press,BR003,Riverside Library,Pune,Kothrud,Community Library,5500,25-Jun-2024,2024-07-15,,Active,1,No,0,Counter,0.0,10,4,Normal
TXN0221,R153,Rahul Reddy,47,Male,Adult,2020-02-24,BR005,B032,9788507497883,The Crimson Flame,Arjun Rao,Fiction,2013,Marathi,Physical,Bluewave Publishing,BR005,Heritage Library,Nashik,College Road,Central Library,8000,2024-10-03,2024-10-10,2024-10-04,Returned,1,No,0,Mobile App,0.0,7,7,Limited
TXN0247,R061,Michael Robinson,20,Female,Student,2018-03-15,BR006,B077,9784361393222,The Final Melody,Divya Iyer,Self-Help,2022,English,E-Book,Bluewave Publishing,BR006,City Knowledge Centre,Nagpur,Civil Lines,CENTRAL LIBRARY,9000,2025-06-18,2025-07-08,2025-06-24,Returned,2,Yes,0,Counter,0.0,11,10,Low Demand
TXN0308,R158,Ananya Nair,42,Female,Adult,2025-06-01,BR008,B028,9785618742930,The Forgotten Garden ,Chris Evans,Fiction,2022,English,Physical,Horizon House,BR008,Metro Reading Centre,Mumbai,Andheri,Community Library,5000,28-Sep-2025,2025-10-24,2025-11-03,Returned,0,No,0,Counter,40.17,11,11,Normal
TXN0064,R029,Arnav Chopra,31,Female,Adult,2015-06-04,BR006,B021,9786633778586,The Hidden Kingdom,Simran Kaur,Romance,2011,English,Physical,Nightingale Books,BR006,City Knowledge Centre,Nagpur,Civil Lines,Central Library,9000,2025-01-04,20-01-2025,2025-01-27,Returned,1,Yes,0,Counter,14.17,14,11,Low Demand
TXN0174,R123,Ritu Patel,29,Prefer Not to Say,Adult,2017-01-07,BR007,B070,9781116402431,The Rising Horizon,Devansh Rathi,Children,1970,English,Physical,Maplewood Press,BR007,Sunrise Community Library,Thane,Ghodbunder,Neighborhood Library,2500,2025-01-05,27-01-2025,2025-01-07,Returned,0,No,0,Counter,0.0,11,14,High Demand
TXN0363,R146,Maya Bennett,70,Male,Senior,2023-04-18,BR005,B008,9785728765136,The Forgotten Garden,Aditi Verma,Children,1965,English,Physical,Aurora Publications,BR005,Heritage Library,Nashik,College Road,Central Library,8000,2024-03-24,2024-03-31,2024-04-04,Returned,1,No,0,Counter,12.08,16,15,Low Demand
TXN0359,R153,Rahul Reddy,47,Male,Adult,2020-02-24,BR005,B015,9789573276057,The Radiant Storm,Yash Chopra,Mystery,2017,Spanish,E-Book,Horizon House,BR005,Heritage Library,Nashik,College Road,Central Library,8000,2022-04-11,2022-04-26,2022-05-02,Returned,1,No,0,Counter,27.22,4,3,Normal
TXN0442,R178,Chris Brown,41,Female,Adult,2020-01-14,BR010,B069,9786242173772,The Shattered Journey,Vikram Singh,Fantasy,2013,English,E-Book,Golden Quill Publishing,BR010,Knowledge Hub Library,Nagpur,Dharampeth,University Library,7000,2022-10-03,2022-10-15,2022-10-12,Returned,0,No,0,Online,0.0,4,1,High Demand
TXN0218,R150,Emily Carter,25,Female,Student,2020-12-19,BR005,B024,9783084839399,The Golden Labyrinth,Anjali Bose,Fiction,1980,English,Physical,Golden Quill Publishing,BR005,Heritage Library,Nashik,College Road,Central Library,8000,2022-12-20,2023-01-18,,Active,0,No,0,Mobile App,0.0,20,20,Low Demand
TXN0183,R102,Kavya Patel,24,Male,Student,14/09/2018,BR006,B060,9782047905204,The Silent Stars,Devansh Rathi,Technology,1974,Marathi,E-Book,Golden Quill Publishing,BR004,Greenfield Library,Pune,Baner,Neighborhood Library,3000,2022-01-18,2022-01-30,2022-02-03,Returned,0,No,0,Self-Service,9.39,8,5,Limited
TXN0168,R138,Jack Wilson,5,Male,Child,2024-10-18,BR001,B043,9782536778950,The Broken Empire,Nikhil Bhatt,Mystery,1995,Hindi,E-Book,Coral Books,BR001,Central Public Library,Mumbai,Dadar,Central Library,12000,2024-12-22,10/01/2025,2025-01-19,Returned,1,Yes,2,Mobile App,28.57,20,19,Low Demand
TXN0219,R177,Laura Anderson,6,Female,Child,2020-08-07,BR001,B055,9786587537178,The Radiant Storm,Chris Evans,Health,2004,English,E-Book,Riverside Books,BR001,Central Public Library,Mumbai ,Dadar,Central Library,12000,2023-02-27,2023-03-10,,Overdue,0,No,1,Self-Service,67.68,11,11,Normal
TXN0175,R110,Sarah Robinson,9,Female,Child,2024-08-07,BR006,B058,9782333241445,The Quiet Chronicle,Lucas Martin,Fiction,1992,French,Physical,Golden Quill Publishing,BR006,City Knowledge Centre,Nagpur,Civil Lines,Central Library,9000,15-02-2025,2025-03-13,2025-02-21,Returned,0,Yes,2,Self-Service,0.0,7,2,High Demand
TXN0095,R004,Zoe Robinson,17,Male,Student,2019-12-16,BR004,B092,9781651662547,The Crimson Flame,Laura Palmer,Science Fiction,1994,English,Physical,Coral Books,BR004,Greenfield Library,Pune,Baner,Neighborhood Library,3000,2022-07-25,09/08/2022,2022-07-29,Returned,1,No,0,Counter,0.0,8,7,Limited
TXN0372,R079,Sarah Turner,73,Male,Senior,2021-06-24,BR007,B092,9781651662547,The Crimson Flame,Laura Palmer,Science Fiction,1994,English,Physical,Coral Books,BR007,Sunrise Community Library,Thane,Ghodbunder,Neighborhood Library,2500,2023-12-08,2023-12-20,2023-12-17,Returned,1,No,0,Mobile App,0.0,8,7,Limited
TXN0484,R162,Simran Malhotra,50,Prefer Not to Say,Adult,2023-10-15,BR010,B079,9785952059278,The Vanishing Ocean,Sophia Brown,Technology,1984,English,E-Book,Crestwood Press,BR003,Riverside Library,Pune,Kothrud,Community Library,5500,2024-07-16,2024-08-09,2024-07-21,Returned,0,No,0,Self-Service,0.0,4,4,Limited
TXN0160,R108,Tanvi Kapoor,54,Prefer Not to Say,Adult,2024-07-17,BR005,B049,9789462806178,The Shattered Journey,Sophia Brown,Thriller,1987,English,Physical,Maplewood Press,BR005,Heritage Library,Nashik,College Road,Central Library,8000,2025-06-22,2025-07-09,,Overdue,1,No,0,Online,152.58,5,1,High Demand
TXN0381,R119,Henry Martin,18,Male,Student,2022-08-18,BR001,B092,9781651662547,The Crimson Flame,Laura Palmer,Science Fiction,1994,English,Physical,Coral Books,BR001,Central Public Library,Mumbai, Dadar,Central Library,12000,2022-05-01,2022-05-20,2022-05-07,Returned,0,No,0,Mobile App,0.0,8,7,Limited
TXN0192,R064,Olivia Bennett,20,Female,Student,2016-12-14,BR008,B010,9783392080953,The Rising Horizon,Nikhil Bhatt,Fantasy,1955,English,E-Book,Golden Quill Publishing,BR008,Metro Reading Centre, Mumbai,Andheri,Community Library,5000,2023-10-12,2023-11-08,2023-10-16,Returned,1,No,0,Self-Service,0.0,8,5,Normal
TXN0443,R025,Simran Trivedi,34,Female,Adult,2022-06-05,BR003,B039,9782135872495,The Vanishing Ocean,Olivia Bennett,Biography,1997,English,Physical,Maplewood Press,BR004,Greenfield Library,Pune,Baner,Neighborhood Library,3000,2024-10-16,2024-11-07,2024-10-23,Returned,3,No,0,Online,0.0,11,1,High Demand
TXN0315,R036,Meera Chopra,69,Male,Senior,2016-08-26,BR008,B062,9784643576871,The Lost Legacy,Ava Mitchell,Fiction,2012,English,Physical,Maplewood Press,BR001,Central Public Library,Mumbai,Dadar ,Central Library,12000,2022-08-25,2022-09-15,2022-09-14,Returned,0,Yes,7,Self-Service,0.0,2,1,High Demand
TXN0099,R150,Emily Carter,25,Female,Student,2020-12-19,BR005,B055,9786587537178,  The Radiant Storm,Chris Evans,Health,2004,English,E-Book,Riverside Books,BR005,Heritage Library,Nashik,College Road,Central Library,8000,2022-05-12,2022-05-30,2022-05-28,Returned,0,No,0,Counter,0.0,11,11,Normal
TXN0062,R138,Jack Wilson,5,Male,Child,2024-10-18,BR001,B031,9788380507338,The Whispering Harbor,Ishaan Kapoor,Mystery,2000,English,E-Book,Bluewave Publishing,BR002,Lakeside Library,Mumbai ,Powai,Community Library,6000,2022-08-17,2022-09-12,,Active,1,No,0,Mobile App,0.0,2,1,High Demand
TXN0046,R150,Emily Carter,25,Female,Student,2020-12-19,BR005,B067,9787045593274,The Distant Detective,Anjali Bose,Self-Help,1993,Hindi,Physical,Golden Quill Publishing,BR005,Heritage Library,Nashik,College Road,Central Library,8000,2022-08-11,2022-08-29,2022-08-28,Returned,0,No,0,Online,0.0,19,16,Low Demand
TXN0410,R105,Arnav Sharma,62,Female,Senior,2025-03-29,BR009,B048,9786493800024,The Forgotten Garden,Devansh Rathi,Self-Help,2023,Marathi,Physical,Bluewave Publishing,BR009,Hillview Library,Pune,Aundh,Neighborhood Library,2800,2022-07-03,2022-07-19,,Active,3,No,0,Online,0.0,6,2,Normal
TXN0472,R126,Isabella Adams,39,Female,Adult,21-07-2022,BR006,B021,9786633778586,The Hidden Kingdom,Simran Kaur,Romance,2011,English,Physical, Nightingale Books,BR006,City Knowledge Centre,Nagpur,Civil Lines,Central Library,9000,2024-07-15,2024-07-27,,Active,0,No,1,Counter,0.0,14,11,Low Demand
TXN0226,R092,Sanjay Kapoor,32,Male,Adult,2019-08-19,BR006,B029,9784645120421,The Shattered Journey,Aarav Mehta,Children,2013,Marathi,Audiobook,Silverline Press,BR006,City Knowledge Centre,Nagpur,Civil Lines,Central Library,9000,2023-07-16,2023-08-03,2023-07-17,Returned,0,Yes,2,Self-Service,0.0,11,6,Limited
TXN0292,R019,Ritika Bose,79,Female,Senior,2023-11-18,BR007,B077,9784361393222,The Final Melody,Divya Iyer,Self-Help,2022,English,E-Book,Bluewave Publishing,BR007,Sunrise Community Library,Thane,Ghodbunder,Neighborhood Library,2500,2022-12-11,2023-01-06,,Active,1,No,1,Mobile App,0.0,11,10,Low Demand
TXN0126,R106,Kabir Reddy,18,Non-Binary,Student,2023-11-02,BR005,B045,9789265609985,The Endless Path,Grace Kim,HISTORY,1969,Hindi,Physical,Golden Quill Publishing,BR005,Heritage Library,Nashik,College Road,Central Library,8000,2023-11-11,2023-12-02,2023-11-14,Returned,0,No,0,Mobile App,0.0,12,9,Low Demand
TXN0231,R130,Aditi Bose,67,Female,Senior,08-Jun-2017,BR007,B019,9788760038701,The Vanishing Ocean,Emily Carter,Fiction,1971,Spanish,Physical,Northlight Publishing,BR005,Heritage Library,Nashik,College Road,Central Library,8000,2022-06-04,2022-06-19,2022-06-08,Returned,0,Yes,0,Mobile App,0.0,6,6,High Demand
TXN0132,R121,  Isabella Carter,16,Female,Student,2019-06-10,BR002,B021,9786633778586,The Hidden Kingdom,Simran Kaur,Romance,2011,English,Physical,Nightingale Books,BR002,Lakeside Library,Mumbai,Powai,community library,6000,2025-06-15,2025-06-23,2025-06-24,Returned,1,No,0,Counter,2.07,14,11,Low Demand
TXN0397,R128,Laura Robinson,84,Male,Senior,2023-08-04,BR010,B041,9789503167458,The Hidden Kingdom,Aarav Mehta,Biography,2017,,Physical,Horizon House,BR010,Knowledge Hub Library,Nagpur,Dharampeth,University Library,7000,2024-12-27,2025-01-08,2025-01-16,Returned,1,No,0,Online,33.08,16,13,Low Demand
TXN0434,R068,Ishaan Bose,23,Female,Student,2022-03-05,BR005,B065,9787533932947,The Endless Path,Ritika Menon,Mystery,2011,Hindi,Physical,Maplewood Press,BR005,Heritage Library,Nashik,College Road,Central Library,8000,2024-07-03,2024-07-30,2024-07-15,Returned,3,No,0,Self-Service,0.0,3,0,High Demand
TXN0056,R083,Ritika Bose,11,Male,Child,2017-03-08,BR003,B099,9782886149718,The Vanishing Ocean,Ava Mitchell,Technology,2024,Spanish,Physical,Northlight Publishing,BR003,Riverside Library,Pune,Kothrud,Community Library,5500,2022-06-04,2022-06-13,,Overdue,0,No,0,Counter,172.32,13,10,Low Demand
TXN0241,R108,Tanvi Kapoor,54,Prefer Not to Say,Adult,2024-07-17,BR005,B037,9782139027119,The Final Melody,Divya Iyer,Business,1972,English,Physical,Cedarwood Press,BR001,Central Public Library,Mumbai,Dadar,Central Library,12000,2025-04-09,2025-04-17,2025-04-16,Returned,0,No,1,Mobile App,0.0,8,7,Normal
TXN0380,R073,Amanda Kim,26,Male,Adult,2022-04-21,BR001,B020,9784504793184,The Silent Stars,Chloe Bennett,Self-Help,1996,English,Audiobook,Silverline Press,BR001,Central Public Library,Mumbai,Dadar,Central Library,12000,2023-02-11,2023-02-28,2023-02-17,Returned,0,No,0,Self-Service,0.0,3,0,High Demand
TXN0050,R033,Nikhil Menon,12,Female,Child,2019-12-10,BR004,B069,9786242173772,The Shattered Journey,Vikram Singh,Fantasy,2013,English,E-Book,Golden Quill Publishing,BR004,Greenfield Library,Pune,Baner,NEIGHBORHOOD LIBRARY,3000,2024-06-23,2024-07-05,2024-07-08,Returned,1,Yes,9,Mobile App,13.55,4,1,High Demand
TXN0448,R141,Chris Cole,19,Female,Student,2021-03-11,BR003,B033,9781798112150,The Frozen River,  Zoe Baker,Fiction,1969,English,Audiobook,Riverside Books,BR003,Riverside Library,Pune,Kothrud,Community Library,5500,2023-02-12,2023-03-14,2023-02-18,Returned,0,No,0,Self-Service,0.0,17,17,Normal
TXN0108,R041,Nathan Rossi,58,Male,Adult,2016-05-14,BR001,B007,9784026113008, The Distant Detective,Kavya Sharma,Romance,1956,French,E-Book,Cedarwood Press,BR001,Central Public Library,Mumbai,Dadar,Central Library,12000,2024-07-23,2024-07-31,2024-07-24,Returned,0,No,0,Self-Service,0.0,8,7,High Demand
TXN0115,R011,  Olivia Mitchell,32,F,Researcher,2015-12-27,BR004,B088,9787858164010,The Forgotten Garden,Olivia Bennett,Health,2004,English,Physical,Ivory Tower Press,BR004,Greenfield Library,Pune,Baner,Neighborhood Library,3000,2024-07-26,2024-08-02,2024-08-01,Returned,0,No,0,Self-Service,0.0,6,5,Normal
TXN0012,R032,Nathan Foster,20,Female,Student,2017-09-06,BR002,B077,9784361393222,The Final Melody,Divya Iyer,Self-Help,2022,English,E-Book,Bluewave Publishing,BR006,City Knowledge Centre,Nagpur,Civil Lines,Central Library,9000,2024-05-12,2024-05-23,2024-05-27,Returned,0,No,0,Self-Service,13.55,11,10,Low Demand
TXN0479,R166,Sanjay Pillai,20,MALE,Student,2021-03-31,BR005,B027,9781469306919,The Distant Detective,Lucas Martin,Mystery,2012,English,Physical,Nightingale Books,BR005,Heritage Library,Nashik,  College Road,Central Library,8000,2025-05-20,2025-06-06,2025-05-22,Returned,2,No,0,Counter,-20.0,9,6,Normal
TXN0274,R121,Isabella Carter,16,Female,Student,2019-06-10,BR002,B034,9783553440342,The Sacred Future,Oliver James,Fiction,2022,English,Physical,Everest Publications,BR002,Lakeside Library,Mumbai,Powai ,Community Library,6000,2023-12-04,2023-12-23,2023-12-07,Returned,2,No,0,Counter,0.0,8,7,Limited
TXN0055,R114,Olivia Rossi,50,,Adult,2022-09-28,BR001,B028,9785618742930,The Forgotten Garden,Chris Evans,Fiction,2022,English,Physical,Horizon House,BR001,Central Public Library,Mumbai,Dadar,Central Library,12000,2024-06-06,2024-06-18,,Active,0,No,0,Mobile App,0.0,11,11,Normal
TXN0156,R016,William Bennett,25,Female,Student,2018-07-18,BR001,B032,9788507497883,The Crimson Flame,Arjun Rao,Fiction,2013,Marathi,Physical,,BR001,Central Public Library,Mumbai,Dadar,Central Library,12000,15-03-2024,2024-04-02,,Active,0,No,0,Mobile App,0.0,7,7,Limited
TXN0386,R100,Michael Scott,53,Female,Adult,2024-04-14,BR005,B024,9783084839399,The Golden Labyrinth,Anjali Bose,Fiction,1980,English,Physical,Golden Quill Publishing,BR005,Heritage Library,Nashik,College Road,Central Library,8000,2022-04-02,16-Apr-2022,2022-05-08,Overdue,0,No,0,Self-Service,36.85,20,20,Low Demand
TXN0133,R153,Rahul Reddy,47,Male,Adult,2020-02-24,BR005,B008,9785728765136,The Forgotten Garden,Aditi Verma,Children,1965,English,Physical,Aurora Publications,BR005,Heritage Library,Nashik,College Road,Central Library,8000,2023-07-25,2023-08-15,2023-08-04,Returned,0,No,0,Self-Service,0.0,16,15,Low Demand
TXN0272,R084,Grace Robinson,49,Female,Adult,2022-08-18,BR006,B052,9783880327491,The Crimson Flame,Rahul Gupta,Children,1982,,Physical,Aurora Publications,BR006,City Knowledge Centre,Nagpur,Civil Lines,Central Library,9000,2025-02-12,2025-02-21,2025-02-17,Returned,0,No,0,Self-Service,0.0,18,15,Low Demand
TXN0140,R125,Lucas Thompson,56,Male,Researcher,2021-01-09,BR003,B068,9783987248494,The Forgotten Garden,Chloe Bennett,Thriller,2013,Spanish,Physical,Coral Books,BR003,Riverside Library,Pune,Kothrud,Community Library,5500,13-Jul-2025,2025-08-07,2025-08-17,Returned,1,No,0,Counter,24.77,5,1,High Demand
TXN0438,R106,Kabir Reddy,18,Non-Binary,Student,2023-11-02,BR005,B008,9785728765136,The Forgotten Garden,Aditi Verma,Children,1965,English,Physical,Aurora Publications,BR005,Heritage Library,Nashik,College Road,Central Library,8000,2024-11-18,03/12/2024,2024-11-23,Returned,2,No,0,Counter,0.0,16,15,Low Demand
TXN0366,R086,Ananya Kapoor,57,Male,Adult,2023-01-01,BR003,B041,9789503167458,The Hidden Kingdom,Aarav Mehta,Biography,2017,English,Physical,Horizon House,BR003,Riverside Library,Pune,Kothrud,Community Library,5500,2025-08-01,2025-08-13,2025-08-13,Returned,2,No,0,Mobile App,0.0,16,13,Low Demand
TXN0155,R022,Ava Mitchell,23,Female,Student,2025-04-17,BR002,B025,9782748309234,The Endless Path,Olivia Bennett,Fiction,2011,English,Physical,Ivory Tower Press,BR002,Lakeside Library,Mumbai,Powai,Community Library,6000,2022-07-28,2022-08-12,2022-08-05,Returned,1,No,0,Counter,0.0,6,4,High Demand
TXN0480,R054,Devansh Trivedi,45,Female,Adult,2019-10-12,BR001,B040,9787393195616,The Silent Stars,Arjun Rao,Fiction,2010,English,Physical,Golden Quill Publishing,BR001,Central Public Library,Mumbai,,Central Library,12000,2024-09-05,03-Oct-2024,2024-09-23,Returned,1,No,0,Online,0.0,9,7,Normal
TXN0418,R106,Kabir Reddy,18,Non-Binary,Student,02-11-2023,BR005,B007,9784026113008,The Distant Detective,Kavya Sharma,Romance,1956,French,e-book, Cedarwood Press,BR005,Heritage Library,Nashik,College Road,Central Library,8000,2024-05-28,2024-06-26,2024-06-10,returned,1,No,0,Counter,0.0,8,7,High Demand
TXN0098,R164,Sophia Kim,43,Female,Adult,2016-09-23,BR003,B090,9783108307952,The Rising Horizon,Ananya Mehta,Thriller,2013,English,Physical,,BR003,Riverside Library,Pune,Kothrud,Community Library,5500,2025-07-06,2025-07-19,2025-07-28,Returned,0,No,0,Counter,18.58,20,17,Normal
TXN0461,R094,Sneha Iyer,45,Prefer Not to Say,Adult,2016-12-10,BR004,B099,9782886149718,The Vanishing Ocean,Ava Mitchell,Technology,2024,Spanish,Physical,Northlight Publishing,BR004,Greenfield Library,Pune,Baner,Neighborhood Library,3000,2024-12-21,2025-01-03,2024-12-24,Returned,0,Yes,0,Self-Service,0.0,13,10,Low Demand
TXN0200,R084,Grace Robinson,49,FEMALE,Adult,2022-08-18,BR006,B051,9788339176912,The Whispering Harbor,Ananya Mehta,self-help,1961,English,Audiobook,Ivory Tower Press,BR005,Heritage Library,Nashik,College Road,Central Library,8000,2023-07-21,2023-08-17,2023-08-23,Returned,0,No,0,Counter,27.15,6,0,High Demand
TXN0411,R161,Daniel Martin,6,Female,Child,2019-11-26,BR002,B004,9788293453178,The Golden Labyrinth,Michael Scott,Fantasy,2000,Hindi,Physical,Coral Books,BR005,Heritage Library,Nashik,College Road,Central Library,8000,2024-04-06,2024-05-04,2024-04-07,Returned,0,Yes,2,Online,0.0,15,14,Limited
TXN0097,R035,Ryan Martin,61,Female,Senior,2022-12-23,BR008,B091,9788996039244,The Whispering Harbor,Ethan Wilson,History,2009,English,Physical,Bluewave Publishing,BR008,Metro Reading Centre,Mumbai,Andheri,Community Library,5000,2025-05-04,2025-05-11,2025-05-16,Returned,2,No,1,Counter,13.47,5,4,Normal
TXN0054,R177,Laura Anderson,6,Female,Child,2020-08-07,BR001,B070,9781116402431,The Rising Horizon,Devansh Rathi,Children,1970,English,Physical,Maplewood Press,BR001,Central Public Library,Mumbai,Dadar,Central Library,12000,2023-05-10,2023-06-08,27-May-2023,Returned,1,No,0,Online,0.0,11,3,High Demand
TXN0347,R075,Isabella Adams,40,Female,Adult,2015-10-26,BR006,B079,9785952059278,The Vanishing Ocean,Sophia Brown,Technology,1984,English,E-Book,Crestwood Press,BR006,City Knowledge Centre,Nagpur,Civil Lines,Central Library,9000,2023-03-15,2023-03-23,2023-03-22,Returned,2,No,0,Counter,0.0,4,4,Limited
TXN0259,R093,Maya Wilson,25,Non-Binary,Student,2022-11-30,BR001,B047,9786796738787,The Distant Detective,Vikram Singh,Mystery,2022,English,Physical,Horizon House,BR001,Central Public Library,Mumbai,Dadar,Central Library,12000,08/02/2024,2024-03-02,2024-02-16,Returned,1,No,0,Mobile App,0.0,5,1,High Demand
TXN0178,R134,Oliver Turner,21,Non-Binary,Student,2022-10-23,BR004,B053,9784642197907,The Frozen River,Amanda Clarke,Science Fiction,2015,English,Physical,Ivory Tower Press,BR004,Greenfield Library,Pune,Baner,Neighborhood Library,3000,20-11-2022,2022-12-09,2022-12-05,Returned,0,Yes,0,Counter,0.0,6,6,Normal
TXN0182,R027,Oliver Mitchell,13,Male,Child,2015-03-16,BR003,B069,9786242173772,The Shattered Journey,Vikram Singh,Fantasy,2013,English,E-Book,Golden Quill Publishing,BR003,Riverside Library,Pune,Kothrud,Community Library,5500,2025-06-06,2025-06-18,2025-06-26,Returned,0,No,0,Self-Service,24.74,4,1,High Demand
TXN0179,R038,Aarav Iyer,49,Prefer Not to Say,Adult,2016-02-10,BR008,B038,9783271782991,The Quiet Chronicle,Simran Kaur,History,2004,English,Audiobook,Silverline Press,BR006,City Knowledge Centre,Nagpur,Civil Lines,Central Library,9000,2024-05-23,2024-06-14,2024-06-09,Returned,0,No,0,Online,0.0,9,7,Limited
TXN0122,R170,Tanvi Desai,35,Male,Adult,2019-01-19,BR002,B054,9781546696950,The Sacred Future,Grace Kim,Romance,2008,Hindi,Physical,Riverside Books,BR002,Lakeside Library,Mumbai,Powai,Community Library,6000,2024-10-16,2024-11-07,,Active,2,No,0,Counter,0.0,7,3,High Demand
TXN0474,R023,Simran Kaur,21,Female,Student,2018-10-02,BR001,B088,9787858164010,The Forgotten Garden,Olivia Bennett,Health,2004,English,Physical,Ivory Tower Press,BR010,Knowledge Hub Library,Nagpur,Dharampeth,University Library,7000,24-07-2022,2022-07-31,2022-07-24,Returned,0,Yes,1,Counter,0.0,6,5,Normal
TXN0340,R147,Zoe Thompson,47,Male,Adult,2025-04-13,BR009,B010,9783392080953,The Rising Horizon,Nikhil Bhatt,Fantasy,1955,English,E-Book,Golden Quill Publishing,BR006,City Knowledge Centre,Nagpur,Civil Lines,Central Library,9000,2025-01-26,2025-02-16,2025-02-22,Returned,1,No,0,Counter,13.18,8,5,Normal
TXN0354,R123,Ritu Patel,29,Prefer Not to Say,Adult,2017-01-07,BR007,B072,9785646751885,The Crimson Flame,Rohan Desai,Biography,1992,Spanish,Physical,Horizon House,BR007,Sunrise Community Library,Thane,  Ghodbunder,Neighborhood Library,2500,2023-11-25,2023-12-18,2023-12-06,Returned,0,No,0,Mobile App,0.0,10,7,Low Demand
TXN0042,R098,Ritika Bhatt,85,Female,Senior,2021-02-02,BR003,B002,9789963334018,The Lost Legacy,Isabella Rossi,Fiction,1994,English,Physical,Crestwood Press,BR003,Riverside Library,Pune,Kothrud,Community Library,5500,2022-10-28,2022-11-12,2022-11-04,Returned,0,No,0,Mobile App,0.0,10,1,Normal
TXN0144,R162,Simran Malhotra,50,Prefer Not to Say,Adult,2023-10-15,BR010,B062,9784643576871,The Lost Legacy,Ava Mitchell,Fiction,2012,English,Physical,Maplewood Press,BR010,Knowledge Hub Library,Nagpur,Dharampeth,University Library,7000,2024-04-22,2024-05-09,2024-05-13,Returned,1,No,0,Online,11.65,2,1,High Demand
TXN0123,R029,Arnav Chopra,31,Female,Adult,2015-06-04,BR006,B091,9788996039244,The Whispering Harbor,Ethan Wilson,History,2009,English,Physical,Bluewave Publishing,BR006,City Knowledge Centre,Nagpur,Civil Lines,Central Library,9000,2023-10-24,2023-11-06,2023-11-06,Returned,3,Yes,1,Counter,0.0,5,4,Normal
TXN0177,R100,Michael Scott,53,Female,Adult,2024-04-14,BR005,B086,9787243788374,The Secret Mountain,Ritu Joshi,Mystery,1995,English,physical,Crestwood Press,BR005,Heritage Library, Nashik,College Road,Central Library,8000,2022-01-09,2022-01-20,2022-01-20,Returned,0,No,0,Online,0.0,6,7,Normal
TXN0311,R137,Meera Gupta,38,Male,Adult,2016-01-14,BR005,B049,9789462806178,The Shattered Journey,Sophia Brown,Thriller,1987,English,Physical,Maplewood Press,BR006,City Knowledge Centre,Nagpur,  Civil Lines,Central Library,9000,2025-07-27,08-08-2025,2025-08-18,Returned,0,No,0,Counter,33.73,5,1,High Demand
TXN0309,R137,Meera Gupta,38,M,Adult,2016-01-14,BR005,B069,9786242173772,The Shattered Journey,Vikram Singh,Fantasy,2013,English,E-Book,Golden Quill Publishing,BR005,Heritage Library,Nashik,College Road,Central Library,8000,2024-11-12,2024-12-03,2024-12-08,Returned,1,Yes,9,Online,11.23,4,1,High Demand
TXN0264,R058,Daniel Robinson,10,Male,Child,2016-09-20,BR006,B051,9788339176912,The Whispering Harbor,Ananya Mehta,Self-Help,1961,English,Audiobook,Ivory Tower Press,BR006,City Knowledge Centre,Nagpur,Civil Lines,Central Library,9000,2025-05-22,2025-06-04,2025-05-26,Returned,0,Yes,10,Online,0.0,6,0,High Demand
TXN0125,R050,Isabella Mitchell,20,Male,Student,2024-09-01,BR008,B068,9783987248494,The Forgotten Garden,Chloe Bennett,Thriller,2013,Spanish,Physical,Coral Books,BR008,Metro Reading Centre,Mumbai,Andheri,Community Library,5000,2024-12-27,2025-01-08,2025-01-17,Returned,1,No,0,Counter,30.94,5,1,High Demand
TXN0430,R035,Ryan Martin,61,Female,Senior,2022-12-23,BR008,B002,9789963334018,The Lost Legacy,Isabella Rossi,Fiction,1994,English,Physical,Crestwood Press,BR008,Metro Reading Centre,Mumbai,Andheri,Community Library,5000,2024-11-02,2024-11-11,,LOST,0,No,0,Online,518.14,10,1,Normal
TXN0211,R031,Rahul Bhatt,18,Female,Student,2023-01-26,BR002,B065,9787533932947,The Endless Path,Ritika Menon,Mystery,2011,Hindi,Physical,Maplewood Press,BR002,Lakeside Library,Mumbai,Powai,Community Library,6000,2022-06-19,2022-06-30,2022-06-28,Returned,1,No,0,Mobile App,0.0,3,0,High Demand
TXN0339,R135,Aditi Verma,49,Male,Adult,2018-05-16,BR008,B065,9787533932947,The Endless Path,Ritika Menon,Mystery,2011,Hindi,Physical,Maplewood Press,BR008,Metro Reading Centre,Mumbai,Andheri,Community Library,5000,2022-08-15,2022-08-25,2022-08-17,Returned,0,No,1,Counter,0.0,3,0,High Demand
TXN0314,R064,Olivia Bennett,20,Female,Student,2016-12-14,BR008,B081,9785014170428,The Hidden Kingdom,Aditi Verma,Business,2002,English,Physical,Coral Books,BR005,Heritage Library,Nashik,College Road,Central Library,8000,2022-05-28,2022-06-05,2022-06-15,Returned,0,No,0,Mobile App,33.57,5,1,High Demand
TXN0209,R067,Amanda Brown,52,Female,Researcher,2016-05-28,BR010,B047,9786796738787,The Distant Detective,Vikram Singh,Mystery,2022,English,Physical,Horizon House,BR010,Knowledge Hub Library,Nagpur,Dharampeth,University Library,7000,2025-07-26,2025-08-16,2025-08-22,Returned,1,No,0,Self-Service,25.11,5,1,High Demand
TXN0210,R092,Sanjay Kapoor,32,Male,Adult,2019-08-19,BR006,B081,9785014170428,The Hidden Kingdom,Aditi Verma,Business,2002,English,Physical,Coral Books,BR006,City Knowledge Centre,Nagpur,Civil Lines,Central Library,9000,2023-12-17,2024-01-03,2024-01-10,Returned,3,Yes,8,Self-Service,21.89,5,1,High Demand
TXN0478,R064,Olivia Bennett,20,Female,Student,2016-12-14,BR008,B054,9781546696950,The Sacred Future,Grace Kim,Romance,2008,Hindi,Physical, Riverside Books,BR008,Metro Reading Centre,Mumbai,Andheri,Community Library,5000,2024-04-22,2024-05-11,2024-05-20,Returned,1,Yes,4,Counter,21.04,7,3,High Demand
TXN0296,R127,Rahul Kapoor,22,female,Student,03/02/2018,BR001,B032,9788507497883,The Crimson Flame,Arjun Rao,Fiction,2013,Marathi,Physical,Bluewave Publishing,BR001,Central Public Library,Mumbai,Dadar,Central Library,12000,2024-12-26,2025-01-13,2025-01-12,Returned,1,No,0,Mobile App,0.0,7,7,Limited
TXN0305,R158,Ananya Nair,42,Female,Adult,2025-06-01,BR008,B011,9786649827836,The Whispering Harbor,Aditi Verma,Fiction,1977,English,E-Book,,BR008,Metro Reading Centre,Mumbai,Andheri,Community Library,5000,2024-11-17,2024-12-11,2024-12-06,Returned,0,No,0,Counter,-20.0,6,0,High Demand
TXN0407,R004,Zoe Robinson,17,Male,Student,2019-12-16,BR004,B085,9786879898071,The Endless Path,Chris Evans,Self-Help,2010,Hindi,Physical,Ivory Tower Press,BR004,Greenfield Library,Pune,Baner,Neighborhood Library,3000,14/06/2024,12/07/2024,2024-07-04,Returned,3,Yes,0,Counter,0.0,12,8,Normal
TXN0278,R062,Henry Thompson,34,Male,Researcher,28/01/2025,BR006,B047,9786796738787, The Distant Detective,Vikram Singh,Mystery,2022,English,Physical,Horizon House,BR006,City Knowledge Centre,Nagpur,Civil Lines,Central Library,9000,2024-06-26,2024-07-12,,Overdue,1,No,0,Online,49.46,5,1,High Demand
TXN0040,R008,Oliver Foster,18,Male,Student,2024-05-06,BR006,B079,9785952059278,The Vanishing Ocean,Sophia Brown,Technology,1984,English,E-Book,Crestwood Press,BR002,Lakeside Library,Mumbai,  Powai,Community Library,6000,2024-10-14,2024-11-01,2024-11-09,Returned,0,No,0,Mobile App,22.32,4,4,Limited
TXN0245,R033,Nikhil Menon,12,Female,Child,2019-12-10,BR004,B073,9783799264931,The Frozen River,Chloe Bennett,Fiction,2002,Hindi,Physical,Nightingale Books,BR004,Greenfield Library,Pune,Baner,Neighborhood Library,3000,2023-03-05,2023-04-04,2023-04-01,Returned,0,No,1,Online,0.0,10,7,Limited
TXN0091,R158,Ananya Nair,42,Female,Adult,2025-06-01,BR008,B068,9783987248494,The Forgotten Garden,Chloe Bennett,Thriller,2013,Spanish,PHYSICAL,Coral Books,BR001,Central Public Library,Mumbai,Dadar,Central Library,12000,2022-07-16,2022-08-04,2022-08-04,Returned,0,No,0,Counter,0.0,5,1,High Demand
TXN0281,R002,Sanjay Pillai,27,Female,Researcher,2018-10-28,BR001,B093,9787539399243,The Frozen River,William Turner,Science Fiction,2004,English,Physical,Riverside Books,BR001,Central Public Library,Mumbai,Dadar,Central Library,12000,2025-09-10,2025-09-24,2025-09-11,Returned,0,No,1,Self-Service,0.0,12,9,Normal
TXN0135,R094,Sneha Iyer,45,Prefer Not to Say,Adult,2016-12-10,BR004,B081,9785014170428,The Hidden Kingdom,Aditi Verma,Business,2002,English,Physical,Coral Books,BR005,Heritage Library,Nashik,College Road,central library,8000,2022-01-22,2022-01-30,2022-02-04,Returned,0,No,1,Self-Service,15.88,5,1,High Demand
TXN0285,R129,Ananya Pillai,67,Male,Senior,2021-09-14,BR006,B014,9784246059658,The Sacred Future,Ethan Wilson,Mystery,1997,English,Physical,Coral Books,BR006,City Knowledge Centre,Nagpur,Civil Lines,Central Library,9000,2022-08-15,2022-09-13,2022-09-22,Returned,1,No,0,Self-Service,37.6,18,15,Low Demand
TXN0426,R023,Simran Kaur,21,Female,Student,2018-10-02,BR001,B083,9789074999565,The Broken Empire,Chris Evans,Fiction,1982,English,E-Book,Northlight Publishing,BR001,Central Public Library,Mumbai,Dadar,Central Library,12000,2022-07-22,2022-08-14,2022-08-21,Returned,0,No,0,Counter,19.75,19,19,Limited
TXN0348,R152,Ishaan Verma,18,Male,Student,25-02-2017,BR006,B077,9784361393222,The Final Melody,Divya Iyer,Self-Help,2022,English,E-Book,Bluewave Publishing,BR006,City Knowledge Centre,Nagpur,Civil Lines,Central Library,9000,2025-07-07,2025-07-26,2025-07-18,Returned,3,Yes,0,Counter,0.0,11,10,Low Demand
TXN0100,R021,Simran Nair,70,Prefer Not to Say,Senior,10-Jun-2015,BR002,B093,9787539399243,The Frozen River,William Turner,Science Fiction,2004,English,Physical,Riverside Books,BR002,Lakeside Library,Mumbai,Powai,Community Library,6000,2025-09-09,2025-09-23,30/09/2025,Returned,2,No,0,Mobile App,16.88,12,9,Normal
TXN0352,R180,Lucas Cole,56,Female,Researcher,2022-05-17,BR006,B090,9783108307952,The Rising Horizon,Ananya Mehta,Thriller,2013,English,Physical,Bluewave Publishing,BR008,Metro Reading Centre,Mumbai,Andheri,Community Library,5000,2022-06-12,2022-06-29,2022-06-19,Returned,3,No,0,Self-Service,0.0,20,17,Normal
TXN0483,R049,Ritu Chopra,37,Female,Adult,2019-06-20,BR010,B015,9789573276057,The Radiant Storm,Yash Chopra,Mystery,2017,Spanish,E-Book,Horizon House,BR010,Knowledge Hub Library,Nagpur,Dharampeth,University Library,7000,2023-05-14,2023-06-05,2023-06-04,Returned,0,Yes,2,Online,0.0,4,3,Normal
TXN0451,R140,Arnav Rao,25,Male,Adult,2023-05-18,BR010,B039,9782135872495,The Vanishing Ocean,Olivia Bennett,Biography,1997,English,Physical,Maplewood Press,BR010,Knowledge Hub Library,Nagpur,Dharampeth,University Library,7000,2022-06-11,2022-06-19,2022-06-26,Returned,0,No,0,Self-Service,34.15,11,1,High Demand
TXN0318,R133,Sarah Bennett,60,Non-Binary,Adult,2022-08-12,BR004,B094,9783667292043,The Sacred Future,Oliver James,Education,1994,Hindi,Physical,Everest Publications,BR005,Heritage Library,Nashik,College Road,Central Library,8000,01/07/2025,2025-07-11,2025-07-01,RETURNED,0,No,0,Mobile App,0.0,7,4,Limited
TXN0096,R051,Laura Evans,70,Male,Senior,2023-05-03,BR004,B066,9783319936135,The Secret Mountain,Maya Anderson,Mystery,2008,English,physical,Coral Books,BR005,Heritage Library,Nashik,College Road,Central Library,8000,2023-01-07,2023-02-05,2023-01-07,Returned,0,Yes,9,Mobile App,0.0,5,1,High Demand
TXN0445,R009,Aarav Pillai,50,Female,Adult,2025-05-01,BR001,B093,9787539399243,The Frozen River,William Turner,Science Fiction,2004,English,Physical,Riverside Books,BR001,Central Public Library,Mumbai,Dadar,Central Library,12000,2022-12-25,17-Jan-2023,,Overdue,0,No,0,Counter,46.03,12,9,Normal
TXN0093,R031,Rahul Bhatt,18,Female,Student,2023-01-26,BR002,B096,9787845366946,The Ancient Shadow,Karan Malhotra,FICTION,2004,English,E-Book,Horizon House,BR002,Lakeside Library,Mumbai,Powai,Community Library,6000,2025-08-26,2025-09-16,2025-09-09,Returned,0,No,0,Mobile App,0.0,10,4,Normal
TXN0206,R001,Sneha Desai,36,Female,Adult,2016-08-04,BR007,B079,9785952059278,The Vanishing Ocean,Sophia Brown,Technology,1984,English,E-Book,Crestwood Press,BR007,Sunrise Community Library,Thane,Ghodbunder,Neighborhood Library,2500,2023-11-15,2023-12-03,2023-12-05,Returned,0,No,0,Mobile App,5.17,4,4,Limited
TXN0185,R146,Maya Bennett,70,Male,Senior,2023-04-18,BR005,B064,9784853479481,The Golden Labyrinth,Jack Robinson,Health,2012,Hindi,E-Book,Everest Publications,BR001,Central Public Library,Mumbai,Dadar,Central Library,12000,2024-01-14,2024-01-25,2024-01-19,Returned,1,No,0,Mobile App,0.0,7,4,Low Demand
TXN0109,R024,Ethan Robinson,49,M,Adult,2024-10-16,BR001,B066,9783319936135,The Secret Mountain,Maya Anderson,Mystery,2008,English,Physical,Coral Books,BR001,Central Public Library,Mumbai,Dadar,Central Library,12000,2023-10-02,2023-10-15,2023-10-11,Returned,0,No,0,Counter,0.0,5,1,High Demand
TXN0265,R016,William Bennett,25,Female,Student,2018-07-18,BR001,B048,9786493800024,The Forgotten Garden,Devansh Rathi,Self-Help,2023,Marathi,Physical,Bluewave Publishing,BR001,Central Public Library,Mumbai,Dadar,Central Library,12000,2023-04-19,2023-05-17,2023-05-19,Returned,0,No,0,Mobile App,4.8,6,2,Normal
TXN0103,R150,Emily Carter ,25,Female,Student,2020-12-19,BR005,B020,9784504793184,The Silent Stars,Chloe Bennett,Self-Help,1996,English,Audiobook,Silverline Press,BR005,Heritage Library,Nashik,College Road,Central Library,8000,2025-02-11,2025-02-22,2025-02-24,Returned,1,No,0,Mobile App,9.77,3,0,High Demand
TXN0025,R097,Zoe Turner,40,Female,Researcher,2020-05-19,BR003,B066,9783319936135,The Secret Mountain,Maya Anderson,Mystery,2008,English,Physical,Coral Books,BR003,Riverside Library,Pune,Kothrud,Community Library,5500,2022-01-17,2022-02-09,2022-01-23,Returned,1,Yes,9,Online,0.0,5,1,High Demand
TXN0382,R042,Aryan Shah,25,Male,Student,2021-09-10,BR005,B009,9783783290795,The Shattered Journey,Zoe Baker,Romance,2016,English,PHYSICAL,Everest Publications,BR005,Heritage Library,Nashik,College Road,Central Library,8000,2023-02-07,27-02-2023,2023-02-10,Returned,0,No,0,Online,0.0,8,1,Normal
TXN0459,R052,Tanvi Gupta,43,Prefer Not to Say,Researcher,2025-05-13,BR008,B039,9782135872495,The Vanishing Ocean,Olivia Bennett,Biography,1997,English,Physical,Maplewood Press,BR003,Riverside Library,Pune,Kothrud,Community Library,5500,2023-02-01,2023-03-01,2023-02-22,Returned,2,No,0,Mobile App,0.0,11,1,High Demand
TXN0215,R128,Laura Robinson,84,Male,Senior,2023-08-04,BR010,B062,9784643576871,The Lost Legacy,Ava Mitchell,Fiction,2012,English,Physical,Maplewood Press,BR001,Central Public Library,Mumbai,Dadar,Central Library,12000,2022-05-14,2022-06-10,,Overdue,0,Yes,7,Counter,148.84,2,1,High Demand
TXN0039,R073,Amanda Kim,26,Male,Adult,2022-04-21,BR001,B066,9783319936135,The Secret Mountain,Maya Anderson,Mystery,2008,English,Physical,Coral Books,BR001,Central Public Library,Mumbai,Dadar,Central Library,12000,2023-05-25,2023-06-15,,Returned,2,No,0,Counter,0.0,5,1,High Demand
TXN0186,R158,Ananya Nair,42,female,Adult,2025-06-01,BR008,B037,9782139027119,The Final Melody,Divya Iyer,Business,1972,English,Physical,Cedarwood Press,BR008,Metro Reading Centre,Mumbai,Andheri,Community Library,5000,2025-04-05,2025-04-13,2025-04-09,Returned,0,Yes,0,Self-Service,0.0,8,7,Normal
TXN0207,R013,Oliver James,35,Male,Adult,2017-03-05,BR009,B092,9781651662547,The Crimson Flame,Laura Palmer,Science Fiction,1994,English,Physical,Coral Books,BR009,Hillview Library,Pune,Aundh,Neighborhood Library,2800,2022-11-22,2022-12-20,,Overdue,3,No,1,Online,106.32,8,7,Limited
TXN0360,R017,Amanda Wilson,53,Female,Adult,2018-12-12,BR005,B003,9787635473142,The Broken Empire,Vikram Singh,Children,2003,Marathi,E-Book,Silverline Press,BR006,City Knowledge Centre,Nagpur,Civil Lines,Central Library,9000,2024-04-25,2024-05-11,2024-05-07,Returned,0,No,0,Mobile App,0.0,14,11,Normal
TXN0121,R019,Ritika Bose,79,Female,Senior,2023-11-18,BR007,B028,9785618742930,The Forgotten Garden,Chris Evans,Fiction,2022,English,Physical,Horizon House,BR007,Sunrise Community Library,Thane,Ghodbunder,Neighborhood Library,2500,2025-09-14,2025-10-10,,Active,0,No,0,Online,0.0,11,11,Normal
TXN0393,R069,Daniel Martin,7,Male,Child,2020-10-23,BR001,B066,9783319936135,The Secret Mountain,Maya Anderson,Mystery,2008,English,Physical,Coral Books,BR001,Central Public Library,Mumbai,Dadar,Central Library,12000,2024-05-23,2024-06-14,2024-05-23,Returned,2,Yes,9,Self-Service,0.0,5,1,High Demand
TXN0152,R005,Ritu Bhatt,57,Male,Adult,2022-08-11,BR005,B011,9786649827836,The Whispering Harbor,Aditi Verma,Fiction,1977,English,E-Book,Nightingale Books,BR005,Heritage Library,Nashik,College Road,Central Library,8000,2024-10-22,2024-10-31,2024-11-09,Returned,0,Yes,9,Counter,26.44,6,0,High Demand
TXN0303,R123,Ritu Patel,29,Prefer Not to Say,Adult,2017-01-07,BR007,B047,9786796738787,The Distant Detective,Vikram Singh,Mystery,2022,English,Physical,Horizon House,BR007,Sunrise Community Library,Thane ,Ghodbunder,Neighborhood Library,2500,2023-05-27,2023-06-11,,Overdue,1,No,0,Mobile App,100.16,5,1,High Demand
TXN0490,R101,Arnav Menon,82,Male,Senior,2017-09-07,BR002,B079,9785952059278,The Vanishing Ocean,Sophia Brown,Technology,1984,English,E-Book,Crestwood Press,BR002,Lakeside Library,Mumbai,Powai,Community Library,6000,2025-07-01,2025-07-20,,Active,1,No,0,Mobile App,0.0,4,4,Limited
TXN0051,R170,Tanvi Desai,35,Male,Adult,2019-01-19,BR002,B067,9787045593274,The Distant Detective,Anjali Bose,Self-Help,1993,Hindi,Physical,Golden Quill Publishing,BR002,Lakeside Library,Mumbai,Powai,Community Library,6000,2023-07-26,2023-08-10,2023-08-06,Returned,0,No,1,Counter,0.0,19,16,Low Demand
TXN0235,R017,Amanda Wilson,53,Female,adult,2018-12-12,BR005,B007,9784026113008,The Distant Detective,Kavya Sharma,Romance,1956,French,E-Book,Cedarwood Press,BR005,Heritage Library,Nashik, College Road,Central Library,8000,2023-10-19,2023-11-16,2023-11-22,Returned,0,No,1,Self-Service,22.3,8,7,High Demand
TXN0331,R099,Isabella Wilson,44,Non-Binary,Researcher,2018-03-24,BR010,B007,9784026113008,The Distant Detective,Kavya Sharma,Romance,1956,French,E-Book,Cedarwood Press ,BR006,City Knowledge Centre,Nagpur,Civil Lines,Central Library,9000,2022-06-07,2022-06-28,24-06-2022,Returned,1,No,0,Counter,0.0,8,7,High Demand
TXN0431,R156,Diya Rao,52,Female,Adult,2025-01-13,BR005,B042,9783373077218,The Lost Legacy,Isabella Rossi,Fiction,2005,Marathi,E-Book,Cedarwood Press,BR005,Heritage Library,Nashik,College Road,Central Library,8000,2023-12-17,2024-01-02,04-01-2024,Returned,0,No,1,Online,6.94,9,6,Normal
TXN0101,R164,Sophia Kim,150,Female,Adult,2016-09-23,BR003,B069,9786242173772,The Shattered Journey,Vikram Singh,Fantasy,2013,English,E-Book,Golden Quill Publishing,BR006,City Knowledge Centre,Nagpur,Civil Lines,Central Library,9000,2023-07-14,2023-07-30,2023-08-13,Overdue,0,No,0,Online,111.12,4,1,High Demand
TXN0234,R029,Arnav Chopra,31,Female,Adult,2015-06-04,BR006,B065,9787533932947,The Endless Path,Ritika Menon,Mystery,2011,Hindi,Physical,Maplewood Press,BR003,Riverside Library,Pune,Kothrud,Community Library,5500,2023-06-15,2023-06-23,2023-06-24,Returned,0,Yes,10,Self-Service,4.65,3,0,High Demand
TXN0208,R064,Olivia Bennett ,20,Female,Student,2016-12-14,BR008,B017,9784919706735,The Final Melody,Ritika Menon,Fantasy,2021,English,Physical,Golden Quill Publishing,BR008,Metro Reading Centre,Mumbai,Andheri,Community Library,5000,2022-11-12,2022-12-01,2022-11-23,Returned,0,No,0,Self-Service,0.0,19,16,Normal
TXN0306,R172,Divya Patel,49,Female,Adult,2024-02-23,BR008,B066,9783319936135,The Secret Mountain,Maya Anderson,Mystery,2008,English,Physical,Coral Books,BR008,Metro Reading Centre,Mumbai,Andheri,Community Library,5000,08-08-2025,2025-08-24,2025-08-11,Returned,3,No,0,Counter,0.0,5,1,High Demand
TXN0422,R102,Kavya Patel,24,Male,Student,2018-09-14,BR006,B081,9785014170428,The Hidden Kingdom, Aditi Verma,Business,2002,English,Physical,Coral Books,BR006,City Knowledge Centre,Nagpur,Civil Lines,Central Library,9000,2022-09-10,2022-09-21,2022-09-16,Returned,1,No,0,Mobile App,0.0,5,1,High Demand
TXN0295,R114,Olivia Rossi,50,Female,Adult,2022-09-28,BR001,B062,9784643576871,The Lost Legacy,Ava Mitchell,Fiction,2012,English,Physical,Maplewood Press,BR003,Riverside Library,Pune,Kothrud,Community Library,5500,2022-11-17,2022-11-25,,Active,0,Yes,7,Counter,0.0,2,1,High Demand
TXN0094,R153,Rahul Reddy,47,male,Adult,2020-02-24,BR005,B011,9786649827836,The Whispering Harbor,Aditi Verma,Fiction,1977,English,e-book,Nightingale Books,BR001,Central Public Library,Mumbai,Dadar,Central Library,12000,2022-12-05,2022-12-21,2022-12-08,RETURNED,1,No,0,Counter,0.0,6,0,High Demand
TXN0253,R057,Henry Wilson,26,Male,Adult,2016-06-01,BR001,B036,9781311570307,The Ancient Shadow,Ava Mitchell,Romance,2035,English,Physical,Crestwood Press,BR008,Metro Reading Centre,Mumbai,Andheri,Community Library,5000,2025-06-23,2025-07-11,,Active,0,No,0,Mobile App,0.0,13,13,Normal
TXN0313,R062,Henry Thompson,34,MALE,Researcher,2025-01-28,BR006,B069,9786242173772,The Shattered Journey,Vikram Singh ,Fantasy,2013,English,E-Book,Golden Quill Publishing,BR006,City Knowledge Centre,Nagpur,Civil Lines,Central Library,9000,2023-06-10,2023-07-02,2023-07-06,Returned,0,No,1,Counter,8.58,4,1,High Demand
TXN0180,R088,Yash Bose,44,Female,Adult,2020-06-29,BR006,B015,9789573276057,The Radiant Storm,Yash Chopra,Mystery,2017,Spanish,E-Book,Horizon House,BR006,City Knowledge Centre,Nagpur,Civil Lines,Central Library,9000,2022-03-16,2022-04-11,2022-05-04,Overdue,1,No,0,Self-Service,62.43,4,3,Normal
TXN0349,R135,Aditi Verma,49,Male,Adult,2018-05-16,BR008,B090,9783108307952,The Rising Horizon,Ananya Mehta,Thriller,2013,English,Physical,Bluewave Publishing,BR008,Metro Reading Centre,Mumbai,Andheri,Community Library,5000,2022-06-21,2022-07-16,2022-07-29,Overdue,0,No,0,Counter,48.49,20,17,Normal
TXN0288,R155,Ananya Kaur,50,Male,Adult,2015-02-08,BR006,B066,9783319936135,The Secret Mountain,Maya Anderson,Mystery,2008,English,Physical,Coral Books,BR006,City Knowledge Centre,Nagpur,Civil Lines,Central Library,9000,2022-03-23,2022-04-13,2022-05-21,Overdue,0,No,0,Counter,52.08,5,1,High Demand
TXN0075,R078,Kavya Sharma,32,Male,Adult,2018-04-03,BR010,B011,9786649827836,The Whispering Harbor,Aditi Verma,Fiction,1977,English,E-Book,Nightingale Books,BR008,Metro Reading Centre,Mumbai,Andheri,Community Library,5000,2023-09-22,2023-10-16,,Active,0,No,0,Counter,0.0,6,0,High Demand
TXN0001,R042,Aryan Shah,25,Male,Student,2021-09-10,BR005,B096,9787845366946,The Ancient Shadow,Karan Malhotra,Fiction,2004,English,E-Book,Horizon House,BR005,Heritage Library,Nashik,College Road,Central Library,8000,2024-10-17,2024-11-09,2024-10-29,Returned,0,No,0,Counter,0.0,10,4,Normal
TXN0082,R005,Ritu Bhatt,57,Male,Adult,2022-08-11,BR005,B038,9783271782991,The Quiet Chronicle,Simran Kaur,History,2004,English,Audiobook,Silverline Press,BR005,Heritage Library,Nashik,College Road,Central Library,8000,2023-03-20,2023-04-10,2023-05-01,Overdue,2,No,0,Mobile App,183.79,9,7,Limited
TXN0083,R130,Aditi Bose,67,Female,senior,2017-06-08,BR007,B024,9783084839399,The Golden Labyrinth,Anjali Bose,Fiction,1980,English,Physical,Golden Quill Publishing,BR007,Sunrise Community Library,Thane,Ghodbunder,Neighborhood Library,2500,2024-04-25,2024-05-19,2024-06-17,Overdue,0,Yes,0,Counter,60.02,20,20,Low Demand
TXN0441,R123,Ritu Patel,29,Prefer Not to Say,Adult,2017-01-07,BR007,B028,9785618742930,The Forgotten Garden,Chris Evans,Fiction,2022,English,Physical,Horizon House,BR008,Metro Reading Centre,Mumbai,Andheri,COMMUNITY LIBRARY,5000,2024-05-14,2024-06-06,2024-06-26,Overdue,2,No,0,Counter,205.82,11,11,Normal
TXN0077,R013,Oliver James,35,Male,Adult,2017-03-05,BR009,B049,9789462806178,The Shattered Journey,Sophia Brown,Thriller,1987,English,Physical,Maplewood Press,BR009,Hillview Library,Pune,Aundh,Neighborhood Library,2800,2022-01-21,2022-02-09,2022-02-12,Returned,0,Yes,4,Counter,11.31,5,1,High Demand
TXN0189,R118,Kabir Bose,6,Female,Child,2025-02-15,BR005,B095,9783836517266,The Radiant Storm,  Aarav Mehta,Mystery,2017,English,Physical,Ivory Tower Press,BR005,Heritage Library,Nashik,College Road,Central Library,8000,2024-11-19,2024-11-30,,Overdue,2,No,0,Counter,14.84,4,0,High Demand
TXN0310,R038,Aarav Iyer,49,Prefer Not to Say,Adult,2016-02-10,BR008,B049,9789462806178,The Shattered Journey,Sophia Brown,Thriller,1987,English,Physical,Maplewood Press,BR008,Metro Reading Centre,Mumbai,Andheri,Community Library,5000,2023-06-17,2023-07-06,29/06/2023,Returned,0,No,0,Self-Service,0.0,5,1,High Demand
TXN0006,R153,Rahul Reddy,47,Male,Adult,2020-02-24,BR005,B031,9788380507338,The Whispering Harbor,Ishaan Kapoor ,Mystery,2000,English,e-book,Bluewave Publishing,BR005,Heritage Library,Nashik,College Road,Central Library,8000,2024-05-15,03/06/2024,2024-05-30,Returned,1,Yes,5,Counter,0.0,2,1,High Demand
TXN0455,R033,Nikhil Menon,12,Female,Child,2019-12-10,BR004,B010,9783392080953,The Rising Horizon,Nikhil Bhatt,Fantasy,1955,English,E-Book,Golden Quill Publishing,BR004,Greenfield Library,Pune,Baner,Neighborhood Library,3000,2024-06-16,2024-07-15,2024-07-18,Returned,0,No,1,Self-Service,11.5,8,5,Normal
TXN0275,R174,Zoe Clarke,42,Male,Researcher,2023-10-08,BR002,B091,9788996039244,The Whispering Harbor,Ethan Wilson,History,2009,English,Physical,Bluewave Publishing,BR006,City Knowledge Centre,Nagpur,Civil Lines,Central Library,9000,2023-12-20,2024-01-17,17-Jan-2024,Returned,3,No,0,Mobile App,0.0,5,4,Normal
TXN0388,R049,Ritu Chopra,37,Female,Adult,2019-06-20,BR010,B081,9785014170428,The Hidden Kingdom,Aditi Verma,Business,2002,English,Physical,Coral Books,BR010,Knowledge Hub Library,Nagpur,Dharampeth,University Library,7000,2023-11-17,2023-12-04,2023-11-19,Returned,1,No,0,Counter,0.0,5,1,High Demand
TXN0035,R128,Laura Robinson,84,Male,Senior,2023-08-04,BR010,B037,9782139027119,The Final Melody,Divya Iyer,Business,1972,English,Physical,Cedarwood Press,BR010,Knowledge Hub Library,Nagpur,Dharampeth,University Library,7000,2025-05-02,2025-05-28,2025-05-12,Returned,1,No,0,Mobile App,0.0,8,7,Normal
TXN0022,R006,Devansh Sharma,20,Male,Student,2015-02-01,BR001,B095,9783836517266,The Radiant Storm,Aarav Mehta,Mystery,2017,English,Physical,Ivory Tower Press,BR001,Central Public Library,Mumbai,Dadar,Central Library,12000,2023-03-19,2023-03-31,2023-04-06,Returned,0,Yes,6,Online,14.64,4,0,High Demand
TXN0263,R085,William Foster,31,M,Adult,2019-02-06,BR007,B095,9783836517266,The Radiant Storm,Aarav Mehta,Mystery,2017,English,Physical,Ivory Tower Press,BR007,Sunrise Community Library,Thane,Ghodbunder,Neighborhood Library,2500,2024-02-23,2024-03-07,2024-03-02,Returned,2,No,0,Counter,0.0,4,0,High Demand
TXN0086,R160,Ethan Foster,40,Female,Adult,2018-09-20,BR003,B015,9789573276057,The Radiant Storm,Yash Chopra,Mystery,2017,Spanish,E-Book,Horizon House,BR001,Central Public Library,Mumbai,Dadar,Central Library,12000,2023-12-24,2024-01-02,2023-12-29,returned,1,No,1,Mobile App,0.0,4,3,Normal
TXN0462,R009,Aarav Pillai,50,Female,Adult,2025-05-01,BR001,B040,9787393195616,The Silent Stars,Arjun Rao,Fiction,2010,English,Physical,Golden Quill Publishing,BR001,Central Public Library,Mumbai,Dadar,Central Library,12000,2025-04-18,2025-05-18,2025-05-14,Returned,0,No,0,Online,0.0,9,7,Normal
TXN0297,R008,Oliver Foster,18,Male,Student,2024-05-06,BR006,B065,9787533932947,The Endless Path ,Ritika Menon,Mystery,2011,Hindi,Physical,Maplewood Press,BR006,City Knowledge Centre,Nagpur,Civil Lines,Central Library,9000,2024-09-15,2024-10-06,2024-11-15,Overdue,1,No,0,Counter,-20.0,3,0,High Demand
TXN0317,R049,Ritu Chopra,37,F,Adult,2019-06-20,BR010,B025,9782748309234,The Endless Path,Olivia Bennett,Fiction,2011,English,Physical,Ivory Tower Press,BR010,Knowledge Hub Library,Nagpur,Dharampeth ,University Library,7000,2025-09-18,2025-10-15,2025-09-30,Returned,0,No,0,Mobile App,0.0,6,4,High Demand
TXN0355,R011,Olivia Mitchell,32,Female,Researcher,2015-12-27,BR004,B079,9785952059278,The Vanishing Ocean,Sophia Brown,Technology,1984,English,E-Book,Crestwood Press,BR004,Greenfield Library,Pune,Baner,Neighborhood Library,3000,2024-05-13,2024-06-09,,Overdue,0,No,0,Counter,89.01,4,4,Limited
TXN0361,R170,Tanvi Desai,35,Male,Adult,2019-01-19,BR002,B003,9787635473142,The Broken Empire,Vikram Singh,Children,2003,Marathi,E-Book,Silverline Press,BR002,Lakeside Library,Mumbai,Powai,Community Library,6000,2024-12-05,2024-12-24,2024-12-11,Returned,1,No,0,Mobile App,0.0,14,11,Normal
TXN0068,R180,Lucas Cole,56,Female,Researcher,2022-05-17,BR006,B044,9784218981849,The Golden Labyrinth,Emily Carter,Health,1986,Hindi,E-Book,Bluewave Publishing,BR006,City Knowledge Centre,Nagpur,Civil Lines,Central Library,9000,2023-05-21,2023-06-20,2023-06-23,Returned,2,No,0,Counter,7.1,6,4,High Demand
TXN0216,R140,Arnav Rao,25,Male,Adult,2023-05-18,BR010,B084,9788352307139,The Golden Labyrinth,William Turner,History,1994,English,E-Book,Everest Publications,BR010,Knowledge Hub Library,Nagpur,Dharampeth,University Library,7000,06-08-2025,2025-08-30,25-Aug-2025,Returned,0,No,0,Counter,0.0,11,11,Low Demand
TXN0280,R048,  Sophia Adams,23,Female,Student,2015-06-01,BR002,B081,9785014170428,The Hidden Kingdom,Aditi Verma,Business,2002,English,Physical,Coral Books,BR002,Lakeside Library,Mumbai,Powai,Community Library,6000,2023-04-22,2023-05-21,2023-05-25,RETURNED,0,No,0,Mobile App,9.01,5,1,High Demand
TXN0238,R010,Laura Rossi,52,Female,Adult,2016-04-16,BR003,B069,9786242173772,The Shattered Journey,  Vikram Singh,Fantasy,2013,English,E-Book,Golden Quill Publishing,BR003,Riverside Library,Pune,Kothrud,Community Library,5500,2023-08-19,2023-08-28,,Overdue,0,No,0,Mobile App,65.24,4,1,High Demand
TXN0187,R096,Anjali Joshi,55,Male,Adult,2017-07-10,BR010,B065,9787533932947,The Endless Path,Ritika Menon,Mystery,2011,Hindi,Physical,Maplewood Press,BR010,Knowledge Hub Library,Nagpur,Dharampeth,University Library,7000,2025-04-10,2025-05-06,2025-04-20,Returned,1,No,0,Counter,0.0,3,0,High Demand
TXN0413,R062,Henry Thompson,34,Male,RESEARCHER,2025-01-28,BR006,B028,9785618742930,The Forgotten Garden,Chris Evans,Fiction,2022,English,Physical,Horizon House,BR006,City Knowledge Centre,Nagpur,Civil Lines,Central Library,9000,2024-12-03,2024-12-30,2024-12-27,Returned,2,No,0,Online,0.0,11,11,Normal
TXN0406,R084,Grace Robinson,49,Female,Adult,2022-08-18,BR006,B035,9788370987661,The Radiant Storm,Emily Carter,Fantasy,1996,English,Physical,Skyline Publications,BR006,City Knowledge Centre,Nagpur,Civil Lines,Central Library,9000,2025-01-20,2025-01-30,,Active,0,No,0,Counter,0.0,11,9,Low Demand
TXN0464,R014,Vikram Nair,34,MALE,Adult,2021-10-03,BR001,B099,9782886149718,The Vanishing Ocean,Ava Mitchell,Technology,2024,Spanish,Physical,Northlight Publishing,BR001,Central Public Library,Mumbai,Dadar,Central Library,12000,2024-03-02,2024-03-27,2024-03-14,Returned,3,No,0,Mobile App,0.0,13,10,Low Demand
TXN0069,R066,,23,Female,Student,2015-09-27,BR002,B052,9783880327491,The Crimson Flame,Rahul Gupta,Children,1982,Spanish,Physical,Aurora Publications,BR002,Lakeside Library,Mumbai,Powai,Community Library,6000,2024-12-08,2025-01-04,2024-12-25,Returned,0,No,0,Counter,0.0,18,15,Low Demand
TXN0322,R149,Vikram Chopra,19,Male,Student,2020-02-11,BR003,B011,9786649827836,The Whispering Harbor,Aditi Verma,Fiction,1977,English,E-Book,,BR003,Riverside Library,Pune,Kothrud,Community Library,5500,2025-02-07,2025-02-21,2025-02-22,Returned,0,No,1,Counter,3.53,6,0,High Demand
TXN0320,R094,Sneha Iyer,45,Prefer Not to Say,Adult,2016-12-10,BR004,B021,9786633778586,The Hidden Kingdom,Simran Kaur,Romance,2011,English,Physical, Nightingale Books,BR004,Greenfield Library,Pune,Baner,Neighborhood Library,3000,2023-02-04,2023-02-28,2023-02-20,Returned,0,No,0,Online,0.0,14,11,Low Demand
TXN0263,R085,William Foster,31,M,Adult,2019-02-06,BR007,B095,9783836517266,The Radiant Storm,Aarav Mehta,Mystery,2017,English,Physical,Ivory Tower Press,BR007,Sunrise Community Library,Thane,Ghodbunder,Neighborhood Library,2500,2024-02-23,2024-03-07,2024-03-02,Returned,2,No,0,Online,0.0,4,0,High Demand
TXN0058,R140,Arnav Rao,25,Male,Adult,2023-05-18,BR010,B062,9784643576871,The Lost Legacy,Ava Mitchell,Fiction,2012,English,Physical,Maplewood Press,BR010,Knowledge Hub Library,Nagpur,Dharampeth,University Library,7000,2025-08-28,2025-09-21,,Overdue,0,No,0,Mobile App,177.28,2,1,High Demand
TXN0435,R130,Aditi Bose,67,Female,Senior,2017-06-08,BR007,B088,9787858164010,The Forgotten Garden,Olivia Bennett,Health,2004,English,Physical,Ivory Tower Press,BR007,Sunrise Community Library,Thane,Ghodbunder,Neighborhood Library,2500,2022-11-11,2022-12-01,2022-11-18,Returned,3,Yes,1,Counter,0.0,6,5,Normal
TXN0375,R060,Priya Shah,19,Prefer Not to Say,Student,2020-10-21,BR003,B065,9787533932947,  The Endless Path,Ritika Menon,Mystery,2011,Hindi,Physical,Maplewood Press,BR003,Riverside Library,Pune,Kothrud,Community Library,5500,2025-05-24,2025-06-14,2025-06-08,Returned,0,No,0,Self-Service,0.0,3,0,High Demand
TXN0294,R052,Tanvi Gupta,43,Prefer Not to Say,Researcher,2025-05-13,BR008,B049,9789462806178,The Shattered Journey,Sophia Brown,Thriller,1987,English,Physical,Maplewood Press,BR008,Metro Reading Centre,Mumbai,Andheri ,Community Library,5000,20/04/2022,2022-05-12,2022-05-21,Returned,0,No,0,Counter,26.2,5,1,High Demand
TXN0454,R097,Zoe Turner,40,Female,Researcher,2020-05-19,BR003,B051,9788339176912,The Whispering Harbor,Ananya Mehta,Self-Help,1961,English,Audiobook,Ivory Tower Press,BR003,Riverside Library,Pune,Kothrud,Community Library,5500,08/10/2024,2024-11-03,2024-10-23,Returned,0,No,0,Counter,0.0,6,0,High Demand
TXN0146,R038,Aarav Iyer,49,Prefer Not to Say,Adult,2016-02-10,BR008,B088,9787858164010,The Forgotten Garden,Olivia Bennett,Health,2004,English,Physical,Ivory Tower Press,BR001,Central Public Library,Mumbai,Dadar,Central Library,12000,2024-12-04,2024-12-20,,Active,0,No,0,Counter,0.0,6,5,Normal
TXN0228,R019,Ritika Bose,79,Female,Senior,2023-11-18,BR007,B010,9783392080953,The Rising Horizon,Nikhil Bhatt,Fantasy,1955,English,E-Book,Golden Quill Publishing,BR007,Sunrise Community Library,Thane,Ghodbunder,Neighborhood Library,2500,2024-03-22,2024-04-13,2024-03-27,Returned,0,Yes,3,Counter,0.0,8,5,Normal
TXN0488,R125,Lucas Thompson,56,Male,Researcher,2021-01-09,BR003,B032,9788507497883,The Crimson Flame,Arjun Rao,Fiction,2013,Marathi,Physical,Bluewave Publishing,BR008,Metro Reading Centre,Mumbai,Andheri,Community Library,5000,2022-06-03,2022-06-17,2022-06-16,Returned,0,Yes,3,Counter,0.0,7,7,Limited
TXN0088,R081,Ritika Gupta,76,Male,SENIOR,19/07/2015,BR001,B032,9788507497883,  The Crimson Flame,Arjun Rao,Fiction,2013,Marathi,Physical,Bluewave Publishing,BR008,Metro Reading Centre,Mumbai,Andheri,Community Library,5000,2023-08-20,2023-08-27,2023-08-21,Returned,1,No,0,Self-Service,0.0,7,7,Limited
TXN0456,R015,Zoe Adams,6,male,Child,2023-06-18,BR005,B029,9784645120421,The Shattered Journey,Aarav Mehta,Children,2013,Marathi,audiobook,Silverline Press,BR005,Heritage Library,Nashik,College Road,Central Library,8000,09-Jun-2022,2022-06-22,2022-06-28,Overdue,0,No,0,Self-Service,129.17,11,6,Limited
TXN0116,R040,Rohan Mehta,12,Male,Child,2017-11-14,BR001,B086,9787243788374,The Secret Mountain,Ritu Joshi,Mystery,1995,English,Physical,Crestwood Press,BR001,Central Public Library,Mumbai,Dadar,Central Library,12000,18-Apr-2024,2024-05-03,,Returned,0,Yes,0,Counter,0.0,6,3,Normal
TXN0188,R118,Kabir Bose,6,female,Child,2025-02-15,BR005,B078,9788943866829,The Quiet Chronicle,Meera Pillai,Fiction,1984,English,E-Book,Ivory Tower Press,BR005,Heritage Library,Nashik,College Road,Central Library,8000,2024-11-07,2024-12-02,2024-11-07,Returned,0,No,0,Counter,0.0,8,6,Normal
TXN0436,R073,Amanda Kim,26,Male,Adult,2022-04-21,BR001,B066,9783319936135,The Secret Mountain,Maya Anderson,Mystery,2008,,Physical,Coral Books,BR001,Central Public Library,Mumbai,Dadar,Central Library,12000,2024-01-21,2024-01-30,2024-01-29,Returned,0,Yes,9,Mobile App,0.0,5,1,High Demand
TXN0203,R137,Meera Gupta,38,Male,Adult,2016-01-14,BR005,B007,9784026113008,The Distant Detective,Kavya Sharma,Romance,1956,French,E-Book,Cedarwood Press,BR005,Heritage Library,Nashik, College Road,Central Library,8000,2024-09-12,2024-09-23,2024-09-17,Returned,0,No,0,Counter,0.0,8,7,High Demand
TXN0081,R177,Laura Anderson,6,Female,Child,2020-08-07,BR001,B011,9786649827836,The Whispering Harbor,Aditi Verma,Fiction,1977,English,E-Book,Nightingale Books,BR001,Central Public Library,Mumbai,Dadar,Central Library,12000,12-Aug-2022,2022-09-09,2022-08-18,Returned,1,Yes,9,Counter,0.0,6,0,High Demand
TXN0307,R039,Kabir Shah,18,Male,Student,2022-10-22,BR008,B049,9789462806178,The Shattered Journey,Sophia Brown,Thriller,1987,English,Physical,Maplewood Press,BR008,Metro Reading Centre,Mumbai,Andheri,Community Library,5000,2022-10-04,2022-10-25,2022-11-02,Returned,1,No,0,Self-Service,24.14,5,1,High Demand
TXN0024,R147,Zoe Thompson,47,male,Adult,2025-04-13,BR009,B031,9788380507338,The Whispering Harbor,Ishaan Kapoor,Mystery,2000,English,E-Book,Bluewave Publishing,BR006,City Knowledge Centre,Nagpur,Civil Lines,Central Library,9000,2025-03-20,2025-04-17,2025-04-10,Returned,0,No,0,Counter,0.0,2,1,High Demand
TXN0037,R118,Kabir Bose,6,Female,Child,2025-02-15,BR005,B053,9784642197907,The Frozen River,  Amanda Clarke,Science Fiction,2015,English,Physical,Ivory Tower Press,BR005,Heritage Library,Nashik ,College Road,Central Library,8000,2025-06-12,2025-06-27,2025-06-26,Returned,3,No,0,Counter,0.0,6,6,Normal
TXN0300,R010,Laura Rossi,52,Female,Adult,2016-04-16,BR003,B087,9783964229896,The Distant Detective,Lucas Martin,mystery,2013,Hindi,Audiobook,Crestwood Press,BR003,Riverside Library,Pune,Kothrud,Community Library,5500,2023-08-08,2023-08-19,2023-08-15,returned,0,Yes,2,Self-Service,0.0,16,15,Low Demand
TXN0244,R135,Aditi Verma,49,Male,Adult,2018-05-16,BR008,B047,9786796738787,The Distant Detective,Vikram Singh,Mystery,2022,English,Physical,Horizon House,BR008,Metro Reading Centre,Mumbai,Andheri,Community Library,5000,2024-09-27,2024-10-27,2024-12-06,Overdue,0,No,0,Self-Service,250,5,1,High Demand
TXN0145,R108,Tanvi Kapoor,54,Prefer Not to Say,Adult,2024-07-17,BR005,B069,9786242173772,The Shattered Journey,Vikram Singh,Fantasy,2013,English,E-Book,Golden Quill Publishing,BR005,Heritage Library,Nashik,College Road,Central Library,8000,2022-01-17,2022-02-05,,Active,2,Yes,9,Online,0.0,4,1,High Demand
TXN0339,R135,Aditi Verma,49,Male,Adult,2018-05-16,BR008,B065,9787533932947,The Endless Path,Ritika Menon,Mystery,2011,Hindi,Physical,Maplewood Press,BR008,Metro Reading Centre,Mumbai,Andheri,Community Library,5000,2022-08-15,2022-08-25,2022-08-17,Returned,0,No,1,Counter,0.0,3,0,High Demand
TXN0332,R094,Sneha Iyer,45,Prefer Not to Say,Adult,2016-12-10,BR004,B031,9788380507338,  The Whispering Harbor,Ishaan Kapoor,Mystery,2000,English,E-Book,Bluewave Publishing,BR006,City Knowledge Centre,Nagpur,Civil Lines,Central Library,9000,2025-04-16,2025-05-04,2025-05-08,Returned,0,No,0,Mobile App,16.48,2,1,High Demand
TXN0450,R031,Rahul Bhatt,18,Female,Student,26-Jan-2023,BR002,B068,9783987248494,The Forgotten Garden,Chloe Bennett,Thriller,2013,Spanish,Physical,Coral Books,BR001,Central Public Library,Mumbai,Dadar,Central Library,12000,2023-11-06,2023-11-17,2023-11-17,Returned,0,No,0,Counter,0.0,5,1,High Demand
TXN0028,R078,Kavya Sharma,32,Male,Adult,2018-04-03,BR010,B051,9788339176912,The Whispering Harbor,Ananya Mehta,Self-Help,1961,English,Audiobook,Ivory Tower Press,BR006,City Knowledge Centre,Nagpur,Civil Lines,Central Library,9000,2022-03-16,2022-03-30,2022-05-04,Overdue,0,Yes,10,Mobile App,85.98,6,0,High Demand
TXN0170,R108,Tanvi Kapoor,54,Prefer Not to Say,Adult,2024-07-17,BR005,B049,9789462806178,The Shattered Journey,Sophia Brown,Thriller,1987,English,Physical,Maplewood Press,BR005,Heritage Library,Nashik,College Road,Central Library,8000,2022-12-21,2022-12-30,2022-12-31,Returned,2,No,0,Self-Service,2.24,5,1,High Demand
TXN0110,R128,Laura Robinson,84,Male,Senior,2023-08-04,BR010,B089,9783294092753,The Shattered Journey,Aditi Verma,Fiction,1992,English,Audiobook,Aurora Publications,BR010,Knowledge Hub Library,Nagpur,Dharampeth,University Library,7000,2025-09-05,2025-09-26,,Active,0,No,0,Mobile App,0.0,10,2,Normal
TXN0237,R072,Jack Turner,34,Male,Adult,2024-06-13,BR009,B013,9787805745017,The Frozen River,Henry Adams,Children,2000,French,Physical,Horizon House,BR009,Hillview Library,Pune,Aundh,Neighborhood Library,2800,2023-11-19,2023-11-26,2023-12-01,Returned,1,No,0,Counter,11.46,11,9,Low Demand
TXN0468,R013,Oliver James,35,Male,Adult,2017-03-05,BR009,B093,9787539399243,The Frozen River,William Turner,Science Fiction,2004,English,Physical,Riverside Books,BR009,Hillview Library,Pune,Aundh,Neighborhood Library,2800,2023-11-18,2023-11-28,2023-12-07,Returned,0,No,1,Online,44.25,12,9,Normal
TXN0057,R086,Ananya Kapoor,57,Male,Adult,2023-01-01,BR003,B065,9787533932947,The Endless Path,Ritika Menon,Mystery,2011,Hindi,Physical,Maplewood Press,BR003,Riverside Library,Pune,Kothrud,Community Library,5500,2024-11-10,2024-11-24,30-Nov-2024,Returned,0,No,0,Counter,14.28,3,0,High Demand
TXN0191,R008,Oliver Foster,18,Male,Student,2024-05-06,BR006,B056,9788106906538,The Ancient Shadow,Ava Mitchell,Children,2023,English,E-Book,Golden Quill Publishing,BR006,City Knowledge Centre,Nagpur,Civil Lines,Central Library,9000,2023-12-01,2023-12-23,2023-12-30,Returned,0,No,0,Self-Service,32.02,15,12,Normal
TXN0255,R021,Simran Nair,70,Prefer Not to Say,SENIOR,2015-06-10,BR002,B002,9789963334018,The Lost Legacy,Isabella Rossi ,Fiction,1994,English,Physical, Crestwood Press,BR002,Lakeside Library,Mumbai,Powai,Community Library,6000,2024-04-15,2024-05-04,2024-05-14,Returned,3,No,0,Mobile App,49.34,10,1,Normal
TXN0233,R019,Ritika Bose,79,Female,Senior,2023-11-18,BR007,B049,9789462806178,The Shattered Journey,Sophia Brown ,Thriller,1987,English,Physical,Maplewood Press,BR007,Sunrise Community Library, Thane,Ghodbunder ,Neighborhood Library,2500,2023-05-16,2023-06-07,2023-05-17,Returned,0,No,0,Self-Service,0.0,5,1,High Demand
TXN0345,R159,Olivia Evans,-5,Female,Adult,2025-06-01,BR001,B018,9784944899549,The Quiet Chronicle,Zoe Baker,Fantasy,1990,Spanish,E-Book,Cedarwood Press,BR005,Heritage Library,Nashik,College Road,Central Library,8000,2024-03-08,2024-03-31,,Active,0,Yes,1,Counter,0.0,10,4,Normal
TXN0229,R098,Ritika Bhatt,85,Female,Senior,2021-02-02,BR003,B042,9783373077218,The Lost Legacy,Isabella Rossi,Fiction,2005,Marathi,E-Book,Cedarwood Press,BR003,Riverside Library,Pune,Kothrud,Community Library,5500,2025-03-03,2025-03-21,,Lost,0,No,0,Mobile App,656.98,9,6,Normal
TXN0085,R017,Amanda Wilson,53,Female,Adult,2018-12-12,BR005,B081,9785014170428,The Hidden Kingdom,Aditi Verma,Business,2002,English,Physical,Coral Books,BR005,Heritage Library,Nashik,College Road,Central Library,8000,2024-07-04,2024-07-12,2024-07-12,Returned,0,No,0,Counter,0.0,5,1,High Demand
TXN0254,R102,Kavya Patel,24,Male,Student,2018-09-14,BR006,B051,9788339176912,The Whispering Harbor,Ananya Mehta,Self-Help,1961,English,Audiobook,Ivory Tower Press,BR006,City Knowledge Centre,Nagpur,  Civil Lines,Central Library,9000,2025-09-26,2025-10-24,2025-10-15,Returned,0,No,0,Online,0.0,6,0,High Demand
TXN0003,R122,Rahul Trivedi,38,Female,Adult,2015-09-19,BR005,B034,9783553440342,The Sacred Future,Oliver James,Fiction,2022,English,Physical,Everest Publications,BR007,Sunrise Community Library,Thane,,Neighborhood Library,2500,2023-11-03,2023-12-03,2023-11-24,Returned,0,Yes,4,Counter,0.0,8,7,Limited
TXN0252,R064,Olivia Bennett,20,Female,Student,2016-12-14,BR008,B062,9784643576871,The Lost Legacy,Ava Mitchell,Fiction,2012,English,Physical,Maplewood Press,BR008,Metro Reading Centre,Mumbai,Andheri,Community Library,5000,2023-11-02,24/11/2023,2023-11-09,Returned,1,No,0,Mobile App,0.0,2,1,High Demand
TXN0358,R094,Sneha Iyer,45,Prefer Not to Say,Adult,2016-12-10,BR004,B062,9784643576871,The Lost Legacy,Ava Mitchell,Fiction,2012,English,Physical,Maplewood Press,BR004,Greenfield Library,Pune,Baner,Neighborhood Library,3000,2022-12-10,2023-01-02,2022-12-27,Returned,1,No,0,Counter,0.0,2,1,High Demand
TXN0011,R078,Kavya Sharma,32,Male,Adult,2018-04-03,BR010,B010,9783392080953,The Rising Horizon,Nikhil Bhatt,Fantasy,1955,English,E-Book,Golden Quill Publishing,BR010,Knowledge Hub Library,Nagpur,Dharampeth,University Library,7000,2023-09-23,2023-10-18,2023-10-13,Returned,0,No,0,Counter,0.0,8,5,Normal
TXN0181,R123,Ritu Patel,29,Prefer Not to Say,Adult,2017-01-07,BR007,B045,9789265609985,The Endless Path,Grace Kim,History,1969,Hindi,Physical,Golden Quill Publishing,BR007,Sunrise Community Library,Thane,Ghodbunder,Neighborhood Library,2500,2023-10-18,2023-11-10,2023-10-31,Returned,1,No,0,Mobile App,0.0,12,9,Low Demand
TXN0476,R106,Kabir Reddy,18,Non-Binary,Student,2023-11-02,BR005,B011,9786649827836,The Whispering Harbor,Aditi Verma,Fiction,1977,English,E-Book,Nightingale Books,BR005,Heritage Library,Nashik,College Road,Central Library,8000,2024-07-15,27-Jul-2024,2024-07-22,Returned,0,Yes,9,Mobile App,0.0,6,0,High Demand
TXN0159,R019,Ritika Bose,79,Female,Senior,2023-11-18,BR007,B098,9781610900200,The Quiet Chronicle,Arjun Rao,Mystery,2005,Hindi,Physical,Everest Publications,BR007,Sunrise Community Library,Thane,Ghodbunder,Neighborhood Library,2500,2025-09-08,2025-09-27,2025-09-16,Returned,0,Yes,0,Online,0.0,17,16,Normal
TXN0414,R110,Sarah Robinson,,Female,Child,2024-08-07,BR006,B003,9787635473142,The Broken Empire,Vikram Singh,Children,2003,Marathi,E-Book,Silverline Press,BR006,City Knowledge Centre,Nagpur,Civil Lines,Central Library,9000,2023-04-10,2023-04-19,2023-04-28,Returned,0,No,0,Counter,43.3,14,11,Normal
TXN0469,R019,Ritika Bose,79,Female,Senior,2023-11-18,BR007,B058,9782333241445,The Quiet Chronicle,Lucas Martin,Fiction,1992,French,Physical,Golden Quill Publishing,BR007,Sunrise Community Library,Thane,Ghodbunder,Neighborhood Library,2500,2022-12-10,2022-12-27,,Lost,1,No,0,Counter,306.24,7,2,High Demand
TXN0214,R170,Tanvi Desai,35,Male,Adult,2019-01-19,BR002,B058,9782333241445,The Quiet Chronicle,Lucas Martin,Fiction,1992,French,Physical,Golden Quill Publishing,BR002,Lakeside Library,Mumbai,Powai,Community Library,6000,2022-07-19,26/07/2022,,Active,0,Yes,2,Counter,0.0,7,2,High Demand
TXN0043,R160,Ethan Foster,40,Female,Adult,2018-09-20,BR003,B015,9789573276057,The Radiant Storm,Yash Chopra,Mystery,2017,Spanish,E-Book,Horizon House,BR003,Riverside Library,Pune,Kothrud,Community Library,5500,2022-12-16,2023-01-11,2022-12-18,Returned,2,No,0,Counter,0.0,4,3,Normal
TXN0319,R070,Yash Joshi,45,Non-Binary,Adult,2024-06-26,BR001,B048,9786493800024,The Forgotten Garden,Devansh Rathi,Self-Help,2023,Marathi,Physical,Bluewave Publishing,BR005,Heritage Library,Nashik,College Road,Central Library,8000,2022-07-11,2022-07-30,2022-08-09,RETURNED,0,No,0,Online,20.7,6,2,Normal
TXN0475,R016,William Bennett,,Female,Student,2018-07-18,BR001,B049,9789462806178,The Shattered Journey,Sophia Brown,Thriller,1987,English,Physical,Maplewood Press,BR010,Knowledge Hub Library,Nagpur,Dharampeth,University Library,7000,2022-10-09,2022-10-20,21-Oct-2022,Overdue,0,No,0,Mobile App,127.55,5,1,High Demand
TXN0437,R001,Sneha Desai,36,Female,Adult,2016-08-04,BR007,B069,9786242173772,The Shattered Journey,Vikram Singh,Fantasy,2013,English,E-Book,Golden Quill Publishing,BR007,Sunrise Community Library,Thane,Ghodbunder,Neighborhood Library,2500,2022-12-08,2022-12-27,,Overdue,1,No,0,Self-Service,159.03,4,1,High Demand
TXN0266,R097,Zoe Turner,40,Female,Researcher,2020-05-19,BR003,B093,9787539399243,The Frozen River,William Turner,Science Fiction,2004,,Physical,Riverside Books,BR003,Riverside Library,Pune,Kothrud,Community Library,5500,2024-10-09,2024-10-18,2024-10-19,Returned,0,No,0,Self-Service,4.79,12,9,Normal
TXN0402,R050,Isabella Mitchell,20,Male,Student,2024-09-01,BR008,B014,9784246059658,The Sacred Future,Ethan Wilson,Mystery,1997,English,Physical,Coral Books,BR002,Lakeside Library,Mumbai,Powai,Community Library,6000,2025-06-21,17-Jul-2025,,Returned,1,No,0,Counter,0.0,18,15,Low Demand
TXN0166,R009,Aarav Pillai,50,Female,Adult,2025-05-01,BR001,B068,9783987248494,The Forgotten Garden,Chloe Bennett,Thriller,2013,Spanish,Physical,Coral Books,BR002,Lakeside Library,Mumbai,Powai,Community Library,6000,2025-03-03,2025-03-25,,Lost,0,No,0,Self-Service,535.58,5,1,High Demand
TXN0290,R073,Amanda Kim,26,Male,Adult,2022-04-21,BR001,B023,9781252860896,The Broken Empire,Neha Kapoor,Science Fiction,1969,English,Physical,Aurora Publications,BR001,Central Public Library,Mumbai,Dadar,Central Library,12000,2025-08-08,2025-09-06,2025-09-13,Returned,0,Yes,0,Online,20.63,14,13,Normal
TXN0367,R110,Sarah Robinson,9,Female,Child,2024-08-07,BR006,B006,9782625792787,The Secret Mountain,Chris Evans,Fantasy,2021,Marathi,Physical,Nightingale Books,BR006,City Knowledge Centre,Nagpur,Civil Lines,Central Library,9000,2022-07-06,2022-07-23,,Active,0,Yes,1,Counter,0.0,12,12,Normal
TXN0070,R087,  James Turner,23,Male,Student,2021-11-16,BR002,B025,9782748309234,The Endless Path,Olivia Bennett,Fiction,2011,English,physical,Ivory Tower Press,BR005,Heritage Library,Nashik,College Road,Central Library,8000,2024-09-05,2024-09-23,2024-09-20,Returned,0,Yes,0,Self-Service,0.0,6,4,High Demand
TXN0423,R065,Nathan Baker,17,Prefer Not to Say,Student,2015-04-18,BR003,B081,9785014170428,The Hidden Kingdom,Aditi Verma,Business,2002,English,Physical,Coral Books,BR003,Riverside Library,Pune,Kothrud,Community Library,5500,2024-12-05,2024-12-24,2024-12-28,Overdue,0,No,1,Counter,33.73,5,1,High Demand
TXN0429,R153,Rahul Reddy,47,Male,Adult,2020-02-24,BR005,B086,9787243788374,The Secret Mountain,Ritu Joshi,Mystery,1995,English,Physical,Crestwood Press,BR005,Heritage Library,Nashik,College Road,Central Library,8000,2025-09-01,2025-09-25,2025-09-03,Returned,0,Yes,0,Counter,0.0,6,3,Normal
TXN0477,R123,Ritu Patel,29,Prefer Not to Say,Adult,2017-01-07,BR007,B029,9784645120421,The Shattered Journey,Aarav Mehta,Children,2013,Marathi,Audiobook,Silverline Press,BR007,Sunrise Community Library,Thane,Ghodbunder,Neighborhood Library,2500,2022-11-04,2022-11-28,2022-11-30,Returned,0,No,0,Self-Service,4.85,11,6,Limited
TXN0076,R045,Tanvi Sharma,13,Female,Child,2022-02-16,BR003,B066,9783319936135,The Secret Mountain,Maya Anderson,MYSTERY,2008,English,Physical,Coral Books,BR003,Riverside Library,Pune,Kothrud,Community Library,5500,2023-05-04,2023-05-27,2023-05-12,Returned,0,Yes,9,Counter,0.0,5,1,High Demand
TXN0466,R029,Arnav Chopra,31,Female,Adult,2015-06-04,BR006,B020,9784504793184,The Silent Stars,Chloe Bennett,Self-Help,1996,English,Audiobook,Silverline Press,BR006,City Knowledge Centre,Nagpur,Civil Lines,Central Library,9000,2022-12-17,2023-01-07,02-01-2023,Returned,1,No,0,Mobile App,0.0,3,0,High Demand
TXN0489,R016,William Bennett,,Female,Student,2018-07-18,BR001,B022,9785569956444,The Lost Legacy,Rohan Desai,Thriller,2001,English,Physical,Aurora Publications,BR001,Central Public Library,Mumbai,Dadar,Central Library,12000,10-Sep-2025,2025-10-02,2025-09-10,Returned,0,No,0,Online,0.0,8,1,Normal
TXN0127,R176,Pooja Singh,5,Non-Binary,Child,2019-12-01,BR008,B069,9786242173772,The Shattered Journey,Vikram Singh,Fantasy,2013,English,E-Book,Golden Quill Publishing,BR008,Metro Reading Centre,Mumbai,Andheri,Community Library,5000,2024-04-22,09/05/2024,2024-05-03,Returned,2,Yes,9,Counter,0.0,4,1,High Demand
TXN0420,R060,Priya Shah,19,Prefer Not to Say,Student,2020-10-21,BR003,B051,9788339176912,The Whispering Harbor,Ananya Mehta,Self-Help,1961,English,Audiobook,Ivory Tower Press,BR003,Riverside Library,Pune,Kothrud,Community Library,5500,2025-09-13,2025-09-30,2025-09-24,Returned,0,No,0,Self-Service,0.0,6,0,High Demand
TXN0015,R041,Nathan Rossi ,58,Male,Adult,2016-05-14,BR001,B080,9788622026979,The Silent Stars,Ava Mitchell,Children,1950,English,E-Book,Cedarwood Press,BR005,Heritage Library,Nashik,College Road,Central Library,8000,2025-03-17,2025-04-09,2025-03-17,Returned,0,No,0,Mobile App,0.0,11,9,Normal
TXN0379,R146,Maya Bennett,70,Male,Senior,2023-04-18,BR005,B016,9788047877267,The Ancient Shadow,Ethan Wilson,Fantasy,1997,English,E-Book,Ivory Tower Press,BR005,Heritage Library,Nashik,College Road,Central Library,8000,2022-11-22,20-Dec-2022,2022-11-28,Returned,3,No,0,Counter,0.0,8,1,Limited
TXN0471,R152,Ishaan Verma,18,Male,Student,2017-02-25,BR006,B015,9789573276057,The Radiant Storm,Yash Chopra ,Mystery,2017,Spanish,E-Book, Horizon House,BR006,City Knowledge Centre,Nagpur,Civil Lines,Central Library,9000,2022-06-11,2022-06-26,2022-07-05,Returned,1,No,0,Self-Service,28.68,4,3,Normal
TXN0301,R170,Tanvi Desai,35,Male,Adult,2019-01-19,BR002,B031,9788380507338,The Whispering Harbor, Ishaan Kapoor,Mystery,2000,English,E-Book,Bluewave Publishing,BR009,Hillview Library,Pune,Aundh,Neighborhood Library,2800,2025-07-22,2025-08-09,2025-09-12,Overdue,0,No,1,Counter,20.29,2,1,High Demand
TXN0106,R163,Priya Bhatt,21,Female,Student,27-07-2021,BR006,B031,9788380507338,The Whispering Harbor ,Ishaan Kapoor,Mystery,2000,English,E-Book,,BR006,City Knowledge Centre,Nagpur,Civil Lines,Central Library,9000,2022-01-25,2022-02-01,,Overdue,3,No,0,Online,233.34,2,1,High Demand
TXN0150,R176,Pooja Singh,5,Non-Binary,child,2019-12-01,BR008,B009,9783783290795,The Shattered Journey,Zoe Baker,Romance,2016,English,Physical,Everest Publications,BR008,Metro Reading Centre,Mumbai,Andheri,Community Library,5000,2024-10-23,2024-11-15,2024-11-15,Returned,2,Yes,3,Counter,0.0,8,1,Normal
TXN0047,R056,Ava James,25,Male,Researcher,2023-12-26,BR007,B066,9783319936135,The Secret Mountain,Maya Anderson,Mystery,2008,English,Physical,Coral Books,BR007,Sunrise Community Library,Thane,Ghodbunder,NEIGHBORHOOD LIBRARY,2500,2022-06-14,2022-07-13,2022-07-09,Returned,0,No,0,Counter,0.0,5,1,High Demand
TXN0383,R008,Oliver Foster,18,Male,Student,2024-05-06,BR006,B069,9786242173772,The Shattered Journey,Vikram Singh,Fantasy,2013,English,E-Book,Golden Quill Publishing,BR006,City Knowledge Centre,Nagpur,Civil Lines,Central Library,9000,2023-02-11,2023-03-10,2023-02-19,Returned,1,No,0,Online,0.0,4,1,High Demand
TXN0326,R037,Emily Palmer,39,Female,Adult,2015-08-07,BR003,B092,9781651662547,The Crimson Flame,Laura Palmer,Science Fiction,1994,English,Physical,Coral Books,BR002,Lakeside Library,Mumbai,Powai,Community Library,6000,2023-09-12,2023-10-09,2023-09-30,Returned,1,Yes,1,Mobile App,0.0,8,7,Limited
TXN0198,R065,Nathan Baker,17,Prefer Not to Say,Student,2015-04-18,BR003,B022,9785569956444,The Lost Legacy,Rohan Desai,Thriller,2001,English,Physical,Aurora Publications,BR003,Riverside Library,Pune,Kothrud,Community Library,5500,2022-12-03,2022-12-13,07/12/2022,Returned,0,No,1,Self-Service,0.0,8,1,Normal
TXN0137,R094,Sneha Iyer,45,Prefer Not to Say,Adult,2016-12-10,BR004,B068,9783987248494,The Forgotten Garden,Chloe Bennett,Thriller,2013,Spanish,Physical,Coral Books,BR004,Greenfield Library,Pune,Baner,Neighborhood Library,3000,2025-09-04,2025-09-25,2025-10-03,Returned,1,No,0,Online,27.29,5,1,High Demand
TXN0014,R029,Arnav Chopra,31,Female,Adult,2015-06-04,BR006,B078,9788943866829,The Quiet Chronicle,Meera Pillai,Fiction,1984,English,E-Book,Ivory Tower Press,BR006,City Knowledge Centre,Nagpur,Civil Lines,Central Library,9000,2024-06-19,2024-07-02,2024-08-06,Overdue,0,Yes,1,Counter,138.66,8,6,Normal
TXN0212,R170,  Tanvi Desai,35,Male,Adult,2019-01-19,BR002,B092,9781651662547,The Crimson Flame,Laura Palmer,Science Fiction,1994,English,physical,Coral Books,BR002,Lakeside Library,Mumbai,Powai,Community Library,6000,2024-06-01,2024-06-08,2024-06-16,Returned,0,No,0,Counter,18.98,8,7,Limited
TXN0486,R044,Rahul Desai,18,Female,Student,2020-11-24,BR005,B094,9783667292043,The Sacred Future,Oliver James,Education,1994,Hindi,Physical,Everest Publications,BR005,Heritage Library,Nashik,,Central Library,8000,2025-05-28,2025-06-08,2025-06-14,Returned,0,No,0,Mobile App,29.49,7,4,Limited
TXN0049,R141,,19,F,Student,11-Mar-2021,BR003,B044,9784218981849,The Golden Labyrinth,Emily Carter,Health,1986,Hindi,E-Book,Bluewave Publishing,BR003,Riverside Library,Pune ,Kothrud,Community Library,5500,2025-03-16,2025-03-27,,Lost,1,No,0,Counter,610.2,6,4,High Demand
TXN0258,R019,Ritika Bose,79,Female,Senior,2023-11-18,BR007,B065,9787533932947,The Endless Path,Ritika Menon,Mystery,2011,Hindi,Physical,Maplewood Press,BR007,Sunrise Community Library,Thane,Ghodbunder,Neighborhood Library,2500,2024-10-21,2024-11-17,2024-10-29,Returned,0,Yes,10,Counter,0.0,3,0,High Demand
TXN0491,R060,Priya Shah,19,Prefer Not to Say,Student,2020-10-21,BR003,B038,9783271782991,The Quiet Chronicle,Simran Kaur,History,2004,English,Audiobook,Silverline Press,BR005,Heritage Library,Nashik,College Road,Central Library,8000,2024-06-06,2024-06-21,,Lost,0,Yes,4,Counter,886.76,9,7,Limited
TXN0031,R004,Zoe Robinson,17,Male,Student,2019-12-16,BR004,B081,9785014170428,The Hidden Kingdom,Aditi Verma,Business,2002,English,Physical,Coral Books,BR004,Greenfield Library,Pune,Baner,Neighborhood Library,3000,2024-04-10,2024-05-05,2024-04-18,Returned,1,No,0,Mobile App,0.0,5,1,High Demand
TXN0473,R159,Olivia Evans,38,Female,Adult,2025-06-01,BR001,B069,9786242173772,The Shattered Journey,Vikram Singh,Fantasy,2013,English,E-Book,Golden Quill Publishing,BR001,Central Public Library,Mumbai,Dadar,Central Library,12000,2023-11-27,2023-12-16,2023-12-01,Returned,0,Yes,9,Counter,0.0,4,7,High Demand
TXN0242,R172,Divya Patel,,Female,Adult,2024-02-23,BR008,B034,9783553440342, The Sacred Future,Oliver James,Fiction,2022,English,Physical,Everest Publications,BR008,Metro Reading Centre,Mumbai,Andheri,Community Library,5000,2024-05-19,2024-06-11,2024-05-23,Returned,0,No,0,Mobile App,0.0,8,7,Limited
TXN0457,R138,Jack Wilson,5,Male,Child,18-Oct-2024,BR001,B068,9783987248494,The Forgotten Garden,Chloe Bennett,Thriller,2013,Spanish,Physical,Coral Books,BR001,Central Public Library,Mumbai ,Dadar,Central Library,12000,2023-07-17,2023-08-06,2023-07-25,Returned,0,No,1,Mobile App,0.0,5,1,High Demand
TXN0316,R084,Grace Robinson,49,Female,Adult,2022-08-18,BR006,B073,9783799264931,The Frozen River,Chloe Bennett,Fiction,2002,Hindi,Physical,  Nightingale Books,BR006,City Knowledge Centre,Nagpur,Civil Lines,Central Library,9000,2023-12-11,2024-01-04,2024-01-08,Returned,1,No,1,Mobile App,16.83,10,7,Limited
TXN0396,R151,Ritu Mehta,58,Female,Adult,2020-08-19,BR008,B047,9786796738787,The Distant Detective,Vikram Singh,Mystery,2022,English,Physical,Horizon House,BR008,Metro Reading Centre,Mumbai,Andheri,Community Library,5000,2022-11-21,2022-12-20,2022-11-30,Returned,1,No,0,Mobile App,0.0,5,1,High Demand
TXN0202,R035,Ryan Martin,61,Female,Senior,2022-12-23,BR008,B079,9785952059278,The Vanishing Ocean,Sophia Brown,Technology,1984,English,E-Book,Crestwood Press,BR008,Metro Reading Centre,Mumbai,Andheri,Community Library,5000,2022-09-22,2022-10-03,2022-10-02,Returned,0,No,0,Counter,0.0,4,4,Limited
TXN0147,R007,,84,M,Senior,2015-02-01,BR005,B058,9782333241445,  The Quiet Chronicle,Lucas Martin,Fiction,1992,French,Physical,Golden Quill Publishing,BR005,Heritage Library,Nashik,College Road,Central Library,8000,22-Jul-2023,2023-08-03,2023-08-03,Returned,0,No,0,Self-Service,0.0,7,2,High Demand
TXN0432,R092,Sanjay Kapoor,32,Male,Adult,2019-08-19,BR006,B070,9781116402431, The Rising Horizon,Devansh Rathi,Children,1970,English,Physical,Maplewood Press,BR006,City Knowledge Centre,Nagpur,Civil Lines,Central Library,9000,2024-09-22,2024-09-30,2024-10-01,Returned,0,No,0,Self-Service,4.57,11,3,High Demand
TXN0378,R150,Emily Carter,25,Female,STUDENT,2020-12-19,BR005,B086,9787243788374,The Secret Mountain,Ritu Joshi,Mystery,1995,English,Physical,Crestwood Press,BR005,Heritage Library,Nashik,College Road,Central Library,8000,2022-01-25,2022-02-13,2022-02-05,Returned,2,No,0,Counter,0.0,6,3,Normal
TXN0248,R108,Tanvi Kapoor,54,Prefer Not to Say,Adult,2024-07-17,BR005,B078,9788943866829,The Quiet Chronicle,Meera Pillai,Fiction,1984,English,E-Book,Ivory Tower Press,BR005,Heritage Library,Nashik,College Road,Central Library,8000,2025-09-06,2025-10-03,,Active,3,No,0,Online,0.0,8,6,Normal
TXN0327,R103,Isha Nair,33,Male,Adult,2019-07-25,BR006,B094,9783667292043,The Sacred Future,Oliver James,Education,1994,Hindi,Physical,Everest Publications,BR006,City Knowledge Centre,Nagpur,Civil Lines,Central Library,9000,2023-06-04,2023-06-15,2023-06-17,Returned,3,No,0,Online,5.27,7,4,Limited
TXN0428,R177,Laura Anderson,6,Female,Child,2020-08-07,BR001,B095,9783836517266,The Radiant Storm,Aarav Mehta,Mystery,2017,English,Physical,Ivory Tower Press,BR001,Central Public Library,Mumbai,Dadar,Central Library,12000,2025-07-17,2025-08-11,2025-07-24,Returned,1,No,0,Mobile App,0.0,4,0,High Demand
TXN0084,R162,Simran Malhotra,50,Prefer Not to Say,Adult,2023-10-15,BR010,B025,9782748309234,The Endless Path,Olivia Bennett,Fiction,2011,English,Physical,Ivory Tower Press,BR010,Knowledge Hub Library,Nagpur,Dharampeth,University Library,7000,2022-11-01,2022-11-17,,Lost,0,No,1,Mobile App,488.94,6,4,High Demand
TXN0190,R049,Ritu Chopra,37,Female,Adult,2019-06-20,BR010,B069,9786242173772,The Shattered Journey,Vikram Singh,Fantasy,2013,English,E-Book,Golden Quill Publishing,BR010,Knowledge Hub Library,Nagpur,Dharampeth,University Library,7000,2024-10-27,2024-11-06,2024-11-13,Returned,0,No,0,Counter,29.81,4,1,High Demand
TXN0008,R033,Nikhil Menon,12,Female,Child,2019-12-10,BR004,B018,9784944899549,The Quiet Chronicle,Zoe Baker,Fantasy,1990,Spanish,E-Book,Cedarwood Press,BR004,Greenfield Library,Pune,Baner,Neighborhood Library,3000,2022-08-18,2022-09-11,2022-10-04,Overdue,0,No,0,Counter,58.28,10,4,Normal
TXN0353,R141,Chris Cole,19,Female,Student,2021-03-11,BR003,B036,9781311570307,The Ancient Shadow,Ava Mitchell,Romance,2017,English,Physical,Crestwood Press,BR002,Lakeside Library,Mumbai,Powai,Community Library,6000,2022-04-21,2022-05-06,2022-06-07,Overdue,2,No,0,Self-Service,75.27,13,13,Normal
TXN0408,R001,Sneha Desai,36,Female,Adult,2016-08-04,BR007,B016,9788047877267,The Ancient Shadow,Ethan Wilson,Fantasy,1997,English,E-Book,Ivory Tower Press,BR007,Sunrise Community Library,Thane,Ghodbunder,Neighborhood Library,2500,2025-05-15,2025-05-29,2025-06-03,Returned,0,No,1,Online,21.91,8,1,Limited
TXN0154,R013,Oliver James,35,Male,Adult,2017-03-05,BR009,B085,9786879898071,The Endless Path,Chris Evans,Self-Help,2010,Hindi,Physical,Ivory Tower Press,BR009,Hillview Library,Pune,Aundh,Neighborhood Library,2800,2023-10-09,2023-10-17,2023-10-27,Returned,0,No,0,Self-Service,21.55,12,8,Normal
TXN0196,R013,Oliver James,35,Male,Adult,2017-03-05,BR009,B085,9786879898071,The Endless Path,Chris Evans,Self-Help,2010,Hindi,Physical,  Ivory Tower Press,BR009,Hillview Library,Pune,Aundh,Neighborhood Library,2800,2023-05-09,2023-06-01,13-May-2023,Returned,0,No,0,Self-Service,0.0,12,8,Normal
TXN0163,R128,Laura Robinson,84,Male,Senior,2023-08-04,BR010,B065,9787533932947,The Endless Path,Ritika Menon,Mystery,2011,Hindi,Physical,Maplewood Press,BR010,Knowledge Hub Library,Nagpur,Dharampeth,University Library,7000,2025-04-02,2025-04-09,2025-04-08,Returned,0,No,0,Mobile App,0.0,3,0,High Demand
TXN0377,R123,Ritu Patel,29,Prefer Not to Say,Adult,2017-01-07,BR007,B001,9783746317213,The Hidden Kingdom,Rohan Desai,Biography,2002,English,Physical,Ivory Tower Press,BR007,Sunrise Community Library,Thane,Ghodbunder,Neighborhood Library,2500,2022-09-22,16/10/2022,2022-10-25,Returned,1,No,1,Counter,35.31,20,18,Low Demand
TXN0362,R108,Tanvi Kapoor,54,Prefer Not to Say,Adult,2024-07-17,BR005,B069,9786242173772,The Shattered Journey,Vikram Singh,Fantasy,2013,English,E-Book,Golden Quill Publishing,BR007,Sunrise Community Library,Thane,Ghodbunder,neighborhood library,2500,2023-10-11,2023-10-24,2023-10-24,Returned,2,No,0,Self-Service,0.0,4,1,High Demand
TXN0311,R137,Meera Gupta,38,Male,Adult,2016-01-14,BR005,B049,9789462806178,The Shattered Journey,Sophia Brown,Thriller,1987,English,Physical,Maplewood Press,BR006,City Knowledge Centre,Nagpur,  Civil Lines,Central Library,9000,2025-07-27,08-08-2025,2025-08-18,Returned,0,No,0,Self-Service,33.73,5,1,High Demand
TXN0293,R011,Olivia Mitchell,32,Female,researcher,2015-12-27,BR004,B079,9785952059278,The Vanishing Ocean,Sophia Brown,technology,1984,English,E-Book,Crestwood Press,BR004,Greenfield Library,Pune,Baner,Neighborhood Library,3000,2023-12-21,2024-01-20,2023-12-31,Returned,0,No,0,Mobile App,0.0,4,4,Limited
TXN0176,R110,Sarah Robinson,9,Female,Child,2024-08-07,BR006,B052,9783880327491,The Crimson Flame,Rahul Gupta,Children,1982,Spanish,Physical,Aurora Publications,BR006,City Knowledge Centre,Nagpur,Civil Lines,Central Library,9000,2022-04-11,2022-05-11,2022-05-17,Returned,0,No,1,Counter,21.83,18,15,Low Demand
TXN0444,R029,Arnav Chopra,31,Female,Adult,2015-06-04,BR006,B069,9786242173772,The Shattered Journey,Vikram Singh,Fantasy,2013,English,E-Book,Golden Quill Publishing,BR006,City Knowledge Centre,Nagpur,Civil Lines,Central Library,9000,24-09-2024,2024-10-12,20-Oct-2024,Returned,1,No,0,Counter,39.98,4,1,High Demand
TXN0017,R159,Olivia Evans,38,Female,Adult,2025-06-01,BR001,B085,9786879898071,The Endless Path,Chris Evans,Self-Help,2010,Hindi,Physical,Ivory Tower Press,BR001,Central Public Library, Mumbai,Dadar,Central Library,12000,2025-04-09,2025-04-27,2025-04-25,Returned,1,No,0,Self-Service,0.0,12,8,Normal
TXN0291,R092,Sanjay Kapoor,32,Male,Adult,2019-08-19,BR006,B080,9788622026979,The Silent Stars,Ava Mitchell,Children,1950,English,E-Book,Cedarwood Press,BR006,City Knowledge Centre,Nagpur,Civil Lines,Central Library,9000,2024-07-21,2024-08-08,2024-07-26,Returned,0,No,0,Counter,0.0,11,9,Normal
TXN0373,R113,Aditi Sharma,5,Male,Child,2022-06-28,BR001,B069,9786242173772,The Shattered Journey,Vikram Singh,Fantasy,2013,English,E-Book, Golden Quill Publishing,BR009,Hillview Library,  Pune,Aundh,Neighborhood Library,2800,2023-10-04,2023-10-22,2023-10-28,Returned,0,No,0,Counter,26.03,4,1,High Demand
TXN0277,R123,Ritu Patel,29,Prefer Not to Say,Adult,2017-01-07,BR007,B031,9788380507338,The Whispering Harbor,Ishaan Kapoor,Mystery,2000,English,e-book,Bluewave Publishing,BR007,Sunrise Community Library,Thane,Ghodbunder,Neighborhood Library,2500,2023-10-13,2023-10-22,,Returned,0,No,0,Mobile App,13.02,2,1,High Demand
TXN0467,R108,Tanvi Kapoor,54,Prefer Not to Say,Adult,2024-07-17,BR005,B032,9788507497883,The Crimson Flame,Arjun Rao,Fiction,2013,Marathi,Physical,Bluewave Publishing ,BR005,Heritage Library,Nashik,College Road,Central Library,8000,2022-01-08,2022-01-24,2022-01-16,Returned,0,No,0,Mobile App,0.0,7,7,Limited
TXN0030,R002,Sanjay Pillai,27,Female,Researcher,2018-10-28,BR001,B031,9788380507338,The Whispering Harbor,Ishaan Kapoor,Mystery,2000,English,E-Book,Bluewave Publishing,BR001,Central Public Library,Mumbai,Dadar,Central Library,12000,2025-06-12,2025-07-08,2025-06-25,Returned,1,No,0,Self-Service,0.0,2,1,High Demand
TXN0325,R019,Ritika Bose,79,Female,Senior,2023-11-18,BR007,B091,9788996039244,The Whispering Harbor,Ethan Wilson,History,2009,English,Physical,Bluewave Publishing,BR005,Heritage Library,Nashik,College Road,Central Library,8000,2023-12-15,2023-12-23,2023-12-24,Returned,0,Yes,1,Counter,3.96,5,4,Normal
TXN0114,R099,Isabella Wilson,44,Non-Binary,Researcher,2018-03-24,BR010,B047,9786796738787, The Distant Detective,Vikram Singh,Mystery,2022,English,Physical,  Horizon House,BR001,Central Public Library,Mumbai,Dadar,central library,12000,2023-10-15,2023-10-31,2023-10-19,Returned,0,No,0,Mobile App,0.0,5,1,High Demand
TXN0269,R160,Ethan Foster,40,Female,Adult,20-09-2018,BR003,B038,9783271782991,The Quiet Chronicle,Simran Kaur,History,2004,English,Audiobook,Silverline Press,BR005,Heritage Library,Nashik,College Road,Central Library,8000,2025-05-12,2025-06-01,2025-05-31,RETURNED,2,No,1,Self-Service,0.0,9,7,Limited
TXN0029,R125,Lucas Thompson,56,Male,Researcher,2021-01-09,BR003,B066,9783319936135,The Secret Mountain,Maya Anderson,Mystery,2008,English,Physical,Coral Books,BR003,Riverside Library,Pune,Kothrud,Community Library,5500,2024-07-13,2024-08-09,2024-08-08,Returned,1,No,0,Mobile App,0.0,5,1,High Demand
TXN0201,R029,Arnav Chopra,31,Female,Adult,2015-06-04,BR006,B036,9781311570307,The Ancient Shadow,Ava Mitchell,Romance,2017,English,Physical,Crestwood Press,BR001,Central Public Library,Mumbai,Dadar,Central Library,12000,10-Jul-2023,2023-07-18,2023-07-15,Returned,0,No,0,Self-Service,0.0,13,13,Normal
TXN0371,R155,Ananya Kaur,50,Male,Adult,2015-02-08,BR006,B070,9781116402431,The Rising Horizon,Devansh Rathi,Children,1970,English,Physical,Maplewood Press,BR006,City Knowledge Centre,Nagpur,Civil Lines,Central Library,9000,2024-05-20,2024-06-01,2024-06-08,Returned,0,No,1,Counter,29.4,11,3,High Demand
TXN0382,R042,Aryan Shah,25,Male,Student,2021-09-10,BR005,B009,9783783290795,The Shattered Journey,Zoe Baker,Romance,2016,English,PHYSICAL,Everest Publications,BR005,Heritage Library,Nashik,College Road,Central Library,8000,2023-02-07,27-02-2023,2023-02-10,Returned,0,No,0,Mobile App,0.0,8,1,Normal
TXN0357,R064,Olivia Bennett,20,Female,Student,2016-12-14,BR008,B069,9786242173772,The Shattered Journey,Vikram Singh,Fantasy,2013,English,e-book,,BR008,Metro Reading Centre,Mumbai,Andheri,Community Library,5000,2024-06-15,2024-07-05,2024-06-25,Returned,1,No,0,Self-Service,0.0,4,1,High Demand
TXN0213,R073,Amanda Kim,26,Male,Adult,2022-04-21,BR001,B028,9785618742930,The Forgotten Garden,Chris Evans,Fiction,2022,English,Physical,Horizon House ,BR006,City Knowledge Centre,Nagpur,Civil Lines,Central Library,9000,2022-10-16,2022-10-25,2022-10-31,Returned,0,No,0,Self-Service,22.18,11,11,Normal
TXN0138,R152,Ishaan Verma,18,Male,Student,2017-02-25,BR006,B076,9784070964768,The Ancient Shadow,Neha Kapoor,Thriller,1964,English,E-Book,Everest Publications,BR006,City Knowledge Centre,Nagpur,Civil Lines,Central Library,9000,2023-03-22,2023-04-08,2023-04-05,Returned,2,No,0,Counter,0.0,15,15,Normal
TXN0164,R094,Sneha Iyer,45,Prefer Not to Say,Adult,2016-12-10,BR004,B061,9782825989011,The Hidden Kingdom,Sophia Brown,History,2024,English,Physical,Skyline Publications,BR004,Greenfield Library,Pune,Baner,Neighborhood Library,3000,2025-03-22,2025-04-18,2025-03-29,Returned,3,No,0,Self-Service,0.0,17,16,Normal
TXN0061,R031,Rahul Bhatt,18,Female,Student,2023-01-26,BR002,B095,9783836517266,The Radiant Storm, Aarav Mehta,Mystery,2017,English,Physical,Ivory Tower Press,BR002,Lakeside Library,Mumbai,Powai,Community Library,6000,2023-01-12,2023-01-25,2023-01-24,Returned,0,No,0,Self-Service,0.0,4,0,High Demand
TXN0079,R135,Aditi Verma,49,Male,Adult,2018-05-16,BR008,B095,9783836517266,The Radiant Storm,Aarav Mehta,Mystery,2017,English,Physical,Ivory Tower Press,BR008,Metro Reading Centre,Mumbai,Andheri,Community Library,5000,2024-11-09,2024-12-02,2024-11-28,Returned,0,Yes,6,Counter,0.0,4,0,High Demand
TXN0060,R016,William Bennett,25,Female,Student,2018-07-18,BR001,B002,9789963334018,The Lost Legacy ,Isabella Rossi,Fiction,1994,English,Physical,Crestwood Press,BR001,Central Public Library,Mumbai,Dadar,Central Library,12000,2025-03-10,2025-04-01,2025-04-10,Returned,1,No,0,Self-Service,43.57,10,1,Normal
TXN0492,R049,Ritu Chopra,37,Female,Adult,2019-06-20,BR010,B081,9785014170428,The Hidden Kingdom,Aditi Verma,Business,2002,English,Physical,Coral Books,BR010,Knowledge Hub Library,  Nagpur,Dharampeth,University Library,7000,2022-03-24,2022-04-17,2022-04-22,Returned,0,No,0,Counter,17.16,5,1,High Demand
TXN0404,R162,Simran Malhotra,50,Prefer Not to Say,Adult,2023-10-15,BR010,B009,9783783290795,The Shattered Journey,Zoe Baker,Romance,2016,English,physical,Everest Publications,BR010,Knowledge Hub Library,Nagpur,Dharampeth,University Library,7000,2025-06-17,2025-07-02,,overdue,0,No,0,Counter,96.31,8,1,Normal
TXN0350,R120,Ananya Pillai,17,Female,Student,2016-06-24,BR005,B096,9787845366946,The Ancient Shadow,Karan Malhotra,Fiction,2004,English,E-Book,Horizon House,BR002,Lakeside Library,Mumbai,Powai,Community Library,6000,2022-03-09,2022-03-19,2022-03-21,Returned,1,No,0,Counter,7.93,10,4,Normal
TXN0074,R003,Rohan Sharma,45,Female,Adult,2016-09-29,BR001,B066,9783319936135,The Secret Mountain,Maya Anderson,Mystery,2008,English,Physical,Coral Books,BR001,Central Public Library,Mumbai,Dadar,Central Library,12000,2024-06-27,2024-07-12,2024-07-21,Returned,0,No,0,Counter,35.23,5,1,High Demand
TXN0421,R177,Laura Anderson,6,Female,Child,2020-08-07,BR001,B040,9787393195616,The Silent Stars,Arjun Rao,Fiction,2010,English,Physical,Golden Quill Publishing,BR001,Central Public Library,Mumbai,Dadar,Central Library,12000,2024-04-28,2024-05-22,2024-05-01,Returned,0,No,0,Self-Service,0.0,9,7,Normal
TXN0329,R170,Tanvi Desai,35,Male,Adult,2019-01-19,BR002,B095,9783836517266,The Radiant Storm,Aarav Mehta,Mystery,2017,English,Physical,Ivory Tower Press,BR002,Lakeside Library,Mumbai,Powai,Community Library,6000,2024-01-16,2024-01-23,,Overdue,1,No,0,Mobile App,201.39,4,0,High Demand
TXN0409,R086,Ananya Kapoor,57,Male,Adult,2023-01-01,BR003,B028,9785618742930,  The Forgotten Garden,Chris Evans,Fiction,2022,English,Physical,Horizon House,BR003,Riverside Library,Pune,Kothrud,Community Library,5500,2024-09-04,2024-10-04,2024-09-13,Returned,1,No,1,Mobile App,0.0,11,11,Normal
TXN0119,R033,Nikhil Menon,12,Female,Child,2019-12-10,BR004,B092,9781651662547,The Crimson Flame,Laura Palmer,Science Fiction,1994,English,Physical,Coral Books,BR004,Greenfield Library,Pune,  Baner,Neighborhood Library,3000,13/05/2025,2025-05-22,2025-05-15,Returned,1,No,0,Mobile App,0.0,8,7,Limited
TXN0276,R145,Kabir Verma,37,Male,Adult,2020-08-07,BR005,B002,9789963334018,The Lost Legacy,Isabella Rossi ,Fiction,1994,English,Physical,Crestwood Press,BR005,Heritage Library,Nashik,College Road,Central Library,8000,2022-01-21,2022-02-06,2022-01-23,Returned,0,No,0,Counter,0.0,10,1,Normal
TXN0172,R054,Devansh Trivedi,45,female,Adult,2019-10-12,BR001,B065,9787533932947,The Endless Path,Ritika Menon,Mystery,2011,Hindi,Physical,Maplewood Press,BR001,Central Public Library,Mumbai,Dadar,Central Library,12000,2022-01-19,02-02-2022,2022-02-05,Returned,0,No,1,Mobile App,11.79,3,0,High Demand
TXN0261,R163,Priya Bhatt,21,Female,Student,2021-07-27,BR006,B017,9784919706735,The Final Melody,Ritika Menon,Fantasy,2021,English,Physical,Golden Quill Publishing,BR010,Knowledge Hub Library,Nagpur,Dharampeth,University Library,7000,2025-04-01,25-04-2025,2025-04-06,Returned,1,No,0,Mobile App,0.0,19,16,Normal
TXN0463,R139,Tanvi Singh,14,Female,Child,2024-10-01,BR009,B040,9787393195616,The Silent Stars,Arjun Rao,Fiction,2010,English,Physical,Golden Quill Publishing,BR009,Hillview Library,Pune,Aundh,Neighborhood Library,2800,2025-08-21,2025-09-19,2025-09-20,Returned,0,No,0,Counter,3.26,9,7,Normal
TXN0336,R061,Michael Robinson,20,Female,Student,2018-03-15,BR006,B062,9784643576871,The Lost Legacy,Ava Mitchell,Fiction,2012,English,Physical,Maplewood Press,BR006,City Knowledge Centre,Nagpur,Civil Lines,Central Library,9000,2023-05-25,2023-06-02,,Overdue,0,No,0,Counter,111.51,2,1,High Demand
TXN0205,R061,Michael Robinson,20,Female,Student,2018-03-15,BR006,B078,9788943866829,The Quiet Chronicle,Meera Pillai,Fiction,1984,English,E-Book,Ivory Tower Press,BR005,Heritage Library,Nashik,College Road,Central Library,8000,2022-07-15,2022-08-01,2022-07-16,RETURNED,1,Yes,1,Self-Service,0.0,8,6,Normal
TXN0036,R159,Olivia Evans,38,Female,adult,2025-06-01,BR001,B049,9789462806178,The Shattered Journey,Sophia Brown,Thriller,1987,English,Physical,Maplewood Press,BR001,Central Public Library,Mumbai,Dadar,Central Library,12000,2023-06-22,2023-07-11,2023-06-22,Returned,0,No,0,Counter,0.0,5,1,High Demand
TXN0403,R150,Emily Carter,25,Female,Student,2020-12-19,BR005,B010,9783392080953,The Rising Horizon,Nikhil Bhatt,Fantasy,1955,English,E-Book,Golden Quill Publishing,BR005,Heritage Library,Nashik,College Road,Central Library,8000,2024-07-22,2024-08-01,2024-07-22,Returned,0,No,0,Counter,0.0,8,5,Normal
TXN0312,R118,Kabir Bose,6,Female,Child,2025-02-15,BR005,B019,9788760038701,The Vanishing Ocean,Emily Carter,Fiction,1971,Spanish,Physical,Northlight Publishing,BR005,Heritage Library,Nashik,College Road,Central Library,8000,2023-01-06,2023-01-30,2023-02-01,Returned,3,No,0,Self-Service,4.66,6,6,High Demand
TXN0249,R170,Tanvi Desai,35,,Adult,19/01/2019,BR002,B096,9787845366946,The Ancient Shadow,Karan Malhotra,Fiction,2004,English,E-Book,Horizon House,BR002,Lakeside Library,Mumbai,Powai,Community Library,6000,2024-11-14,2024-12-02,2024-11-26,Returned,2,No,0,Counter,0.0,10,4,Normal
TXN0019,R097,Zoe Turner,40,Female,Researcher,2020-05-19,BR003,B068,9783987248494,The Forgotten Garden,Chloe Bennett,Thriller,2013,Spanish,Physical,Coral Books,BR003,Riverside Library,Pune,Kothrud,Community Library,5500,2024-06-21,2024-06-30,2024-06-28,Returned,0,No,0,Online,0.0,5,1,High Demand
TXN0250,R118,Kabir Bose,6,Female,Child,2025-02-15,BR005,B059,9785607762160,The Vanishing Ocean,Grace Kim,Business,2018,Hindi,Physical,Coral Books,BR005,Heritage Library,Nashik,College Road,Central Library,8000,2025-09-22,2025-10-17,,Overdue,2,Yes,0,Mobile App,27.14,9,7,Low Demand
TXN0002,R158,Ananya Nair,42,Female,Adult,2025-06-01,BR008,B070,9781116402431,The Rising Horizon,Devansh Rathi,Children,1970,English,Physical,Maplewood Press,BR008,Metro Reading Centre,Mumbai,Andheri,Community Library,5000,2024-08-07,2024-09-04,03-Sep-2024,Returned,0,No,0,Mobile App,0.0,11,3,High Demand
TXN0243,R143,Vikram Gupta,23,FEMALE,Student,2018-07-05,BR004,B045,9789265609985,The Endless Path,Grace Kim,History,1969,Hindi,Physical,Golden Quill Publishing,BR004,Greenfield Library,  Pune,Baner,Neighborhood Library,3000,2024-04-13,2024-04-28,2024-05-07,Returned,0,No,0,Self-Service,32.78,12,9,Low Demand
TXN0452,R031,Rahul Bhatt,18,Female,Student,2023-01-26,BR002,B048,9786493800024,The Forgotten Garden,Devansh Rathi,Self-Help,2023,Marathi,Physical,Bluewave Publishing,BR002,Lakeside Library,Mumbai,Powai ,Community Library,6000,2024-03-25,2024-04-13,2024-04-20,Returned,2,Yes,1,Online,31.34,6,2,Normal
TXN0117,R074,Simran Bose,25,Female,Student,01/04/2018,BR006,B100,9782880160025,The Silent Stars,Zoe Baker,Fiction,2011,English,Physical,Horizon House,BR006,City Knowledge Centre,Nagpur,Civil Lines,Central Library,9000,2022-11-22,2022-12-17,,Active,0,No,0,Self-Service,0.0,13,12,Normal
TXN0087,R048,Sophia Adams,23,Female,Student,2015-06-01,BR002,B049,9789462806178,The Shattered Journey,Sophia Brown,Thriller,1987,English,Physical,Maplewood Press,BR001,Central Public Library,Mumbai,Dadar,Central Library,12000,2024-01-26,2024-02-20,2024-02-16,Returned,1,No,0,Self-Service,0.0,5,1,High Demand
TXN0268,R064,Olivia Bennett,20,Female,Student,2016-12-14,BR008,B032,9788507497883,The Crimson Flame,Arjun Rao,Fiction,2013,Marathi,Physical,Bluewave Publishing,BR008,Metro Reading Centre,Mumbai,Andheri,Community Library,5000,2024-04-17,2024-05-09,,Overdue,2,No,0,Counter,103.27,7,7,Limited
TXN0139,R081,Ritika Gupta,76,Male,Senior,2015-07-19,BR001,B051,9788339176912, The Whispering Harbor,  Ananya Mehta,Self-Help,1961,English,Audiobook,Ivory Tower Press,BR001,Central Public Library,Mumbai,Dadar,Central Library,12000,2025-05-12,2025-06-07,2025-06-06,Returned,0,No,0,Counter,0.0,6,0,High Demand
TXN0284,R178,Chris Brown,41,Female,Adult,2020-01-14,BR010,B051,9788339176912,The Whispering Harbor,Ananya Mehta,Self-Help,1961,English,Audiobook,Ivory Tower Press,BR010,Knowledge Hub Library,Nagpur,Dharampeth,University Library,7000,2023-12-28,2024-01-09,2024-01-16,Returned,0,No,0,Counter,19.45,6,0,High Demand
TXN0128,R026,Arjun Iyer,17,Male,Student,2024-02-13,BR001,B044,9784218981849,The Golden Labyrinth,Emily Carter,HEALTH,1986,Hindi,E-Book,Bluewave Publishing,BR003,Riverside Library,Pune,Kothrud,Community Library,5500,2023-07-06,2023-07-31,2023-07-13,returned,0,No,0,Mobile App,0.0,6,4,High Demand
TXN0010,R128,Laura Robinson,84,Male,Senior,2023-08-04,BR010,B096,9787845366946,The Ancient Shadow,Karan Malhotra,Fiction,2004,English,E-Book,Horizon House,BR010,Knowledge Hub Library,Nagpur,Dharampeth,University Library,7000,2025-07-11,2025-07-29,2025-07-14,Returned,1,No,0,Counter,0.0,10,4,Normal
TXN0460,R064,Olivia Bennett,20,Female,Student,2016-12-14,BR008,B099,9782886149718,The Vanishing Ocean,Ava Mitchell,Technology,2024,Spanish,Physical,Northlight Publishing,BR008,Metro Reading Centre,Mumbai,Andheri ,Community Library,5000,09-Apr-2024,2024-04-22,2024-04-12,Returned,0,Yes,0,Mobile App,0.0,13,10,Low Demand
TXN0073,R125,Lucas Thompson,56,Male,Researcher,2021-01-09,BR003,B081,9785014170428,The Hidden Kingdom,Aditi Verma,Business,2002,English,Physical,Coral Books,BR003,Riverside Library,Pune,Kothrud,Community Library,5500,2024-03-06,2024-03-30,2024-03-23,Returned,1,No,0,Online,0.0,5,1,High Demand
TXN0009,R153,  Rahul Reddy,47,Male,Adult,2020-02-24,BR005,B076,9784070964768,The Ancient Shadow,Neha Kapoor,Thriller,1964,English,E-Book,Everest Publications,BR005,Heritage Library,Nashik,College Road,Central Library,8000,2025-04-06,04/05/2025,2025-05-11,Returned,2,No,0,Counter,23.69,15,15,Normal
TXN0230,R094,Sneha Iyer,45,Prefer Not to Say,Adult,2016-12-10,BR004,B049,9789462806178,The Shattered Journey,Sophia Brown,Thriller,1987,English,Physical,,BR004,Greenfield Library,Pune,Baner,Neighborhood Library,3000,19/09/2023,2023-10-14,2023-10-14,Returned,1,No,0,Online,0.0,5,1,High Demand
TXN0440,R164,Sophia Kim,43,FEMALE,Adult,2016-09-23,BR003,B009,9783783290795,The Shattered Journey,Zoe Baker,Romance,2016,English,Physical,Everest Publications,BR003,Riverside Library,Pune,Kothrud,Community Library,5500,2024-05-24,2024-06-20,,Lost,1,No,0,Counter,449.47,8,1,Normal
TXN0204,R158,Ananya Nair,42,Female,Adult,2025-06-01,BR008,B032,9788507497883,The Crimson Flame,Arjun Rao,Fiction,2013,Marathi,Physical,Bluewave Publishing,BR007,Sunrise Community Library,Thane,Ghodbunder,Neighborhood Library,2500,2025-03-01,2025-03-31,2025-03-19,Returned,0,No,0,Online,0.0,7,7,Limited
TXN0048,R047,Divya Kaur,21,Male,STUDENT,2016-12-18,BR008,B022,9785569956444,The Lost Legacy,Rohan Desai,Thriller,2001,English,Physical,Aurora Publications,BR008,Metro Reading Centre,Mumbai,Andheri,Community Library,5000,2023-02-09,2023-02-23,2023-02-15,Returned,2,Yes,0,Online,0.0,8,1,Normal
TXN0356,R170,Tanvi Desai,35,Male,Adult,2019-01-19,BR002,B030,9782627677155,The Rising Horizon,Sneha Reddy,Fantasy,1958,English,Physical,Ivory Tower Press,BR002,Lakeside Library,Mumbai,Powai,Community Library,6000,2023-03-27,2023-04-14,2023-04-20,Returned,0,No,0,Self-Service,13.51,10,9,Limited
TXN0368,R112,Meera Malhotra,19,Male,Student,2018-09-12,BR002,B047,9786796738787,The Distant Detective,Vikram Singh,Mystery,2022,English,Physical,Horizon House,BR002,Lakeside Library,Mumbai,Powai,Community Library,6000,2024-02-28,2024-03-12,2024-03-12,Returned,0,No,0,Counter,0.0,5,1,High Demand
TXN0286,R009,Aarav Pillai,50,Female,Adult,2025-05-01,BR001,B014,9784246059658,The Sacred Future,Ethan Wilson,Mystery,1997,English,Physical,Coral Books,BR001,Central Public Library,Mumbai,Dadar,central library,12000,2025-09-26,2025-10-12,2025-10-02,Returned,0,Yes,1,Counter,0.0,18,15,Low Demand
TXN0324,R005,Ritu Bhatt,57,Male,Adult,2022-08-11,BR005,B044,9784218981849,The Golden Labyrinth,Emily Carter,Health,1986,Hindi,E-Book,Bluewave Publishing,BR005,Heritage Library,Nashik,College Road,Central Library,8000,2024-10-10,2024-11-04,2024-11-11,Returned,0,No,0,Online,18.27,6,4,High Demand
TXN0389,R048,Sophia Adams,23,Female,Student,2015-06-01,BR002,B051,9788339176912,The Whispering Harbor,Ananya Mehta,Self-Help,1961,English,Audiobook,  Ivory Tower Press,BR002,Lakeside Library,Mumbai,Powai,Community Library,6000,2022-04-03,2022-04-15,2022-04-09,returned,1,No,0,Mobile App,0.0,6,0,High Demand
TXN0031,R004,Zoe Robinson,17,Male,Student,2019-12-16,BR004,B081,9785014170428,The Hidden Kingdom,Aditi Verma,Business,2002,English,Physical,Coral Books,BR004,Greenfield Library,Pune,Baner,Neighborhood Library,3000,2024-04-10,2024-05-05,2024-04-18,Returned,1,No,0,Mobile App,0.0,5,1,High Demand
TXN0053,R159,Olivia Evans,38,Female,Adult,2025-06-01,BR001,B058,9782333241445,The Quiet Chronicle,Lucas Martin,Fiction,1992,French,Physical,Golden Quill Publishing ,BR001,Central Public Library,Mumbai,Dadar,Central Library,12000,2023-12-28,2024-01-09,2024-01-10,Returned,2,No,0,Counter,3.89,7,8,High Demand
TXN0151,R110,Sarah Robinson,9,Female,Child,2024-08-07,BR006,B068,9783987248494,The Forgotten Garden,Chloe Bennett,Thriller,2013,Spanish,Physical,Coral Books,BR006,City Knowledge Centre,Nagpur,Civil Lines,Central Library,9000,2023-07-23,2023-08-01,2023-07-31,Returned,1,No,0,Online,0.0,5,1,High Demand
TXN0267,R094,Sneha Iyer,45,Prefer Not to Say,Adult,2016-12-10,BR004,B031,9788380507338,The Whispering Harbor,Ishaan Kapoor,Mystery,2000,English,E-Book,Bluewave Publishing,BR004,Greenfield Library,Pune, Baner,Neighborhood Library,3000,2025-09-26,2025-10-04,2025-10-08,Returned,0,No,0,Online,11.63,2,1,High Demand
TXN0270,R011,Olivia Mitchell,32,Female,Researcher,2015-12-27,BR004,B049,9789462806178,The Shattered Journey,Sophia Brown,Thriller,1987,English,Physical,Maplewood Press,BR004,Greenfield Library,Pune,Baner,Neighborhood Library,3000,2022-10-16,2022-10-27,05/11/2022,Returned,2,Yes,4,Counter,39.55,5,1,High Demand
TXN0078,R068,Ishaan Bose,23,Female,Student,2022-03-05,BR005,B039,9782135872495,The Vanishing Ocean,Olivia Bennett,Biography,1997,English,Physical,,BR005,Heritage Library,Nashik ,College Road,Central Library,8000,2022-12-21,2023-01-12,,Overdue,1,No,1,Self-Service,98.19,11,1,High Demand
TXN0271,R095,Maya Anderson,24,Male,Student,2022-03-19,BR008,B007,9784026113008,The Distant Detective,Kavya Sharma,Romance,1956,French,E-Book,Cedarwood Press,BR008,Metro Reading Centre,Mumbai,Andheri,Community Library,5000,2022-04-23,2022-05-14,2022-05-24,Returned,3,No,0,Self-Service,21.22,8,7,High Demand
TXN0337,R162,Simran Malhotra,50,Prefer Not to Say,Adult,2023-10-15,BR010,B044,9784218981849,The Golden Labyrinth,Emily Carter,Health,1986,Hindi,E-Book,Bluewave Publishing,BR008,Metro Reading Centre,Mumbai,Andheri,Community Library,5000,2025-04-23,2025-05-13,,Overdue,2,No,0,Self-Service,76.24,6,4,High Demand
TXN0194,R098,Ritika Bhatt,85,Female,Senior,2021-02-02,BR003,B050,9786642201119,The Rising Horizon,Zoe Baker,Philosophy,1995,Marathi,Physical,Bluewave Publishing,BR003,Riverside Library,Pune,Kothrud,Community Library,5500,2025-06-02,2025-06-12,2025-06-03,Returned,0,No,0,Self-Service,0.0,13,12,Low Demand
TXN0334,R014,Vikram Nair,34,Male,Adult,2021-10-03,BR001,B018,9784944899549,The Quiet Chronicle,Zoe Baker,Fantasy,1990,Spanish,E-Book,Cedarwood Press,BR001,Central Public Library,Mumbai,Dadar,Central Library,12000,2022-12-28,2023-01-11,,Overdue,1,No,0,Self-Service,238.0,10,4,Normal
TXN0141,R072,Jack Turner,34,Male,Adult,2024-06-13,BR009,B044,9784218981849,The Golden Labyrinth,Emily Carter,Health,1986,Hindi,E-Book,Bluewave Publishing,BR009,Hillview Library,Pune,Aundh,Neighborhood Library,2800,2023-12-19,2024-01-05,2024-01-09,Returned,0,No,0,Mobile App,16.04,6,4,High Demand
TXN0223,R114,Olivia Rossi,50,Female,Adult,28-09-2022,BR001,B047,9786796738787,The Distant Detective,Vikram Singh,Mystery,2022,English,Physical,Horizon House,BR001,Central Public Library,Mumbai,Dadar,Central Library,12000,2023-02-28,2023-03-30,,Overdue,2,No,0,Self-Service,68.48,5,1,High Demand
TXN0067,R146,,70,Male,Senior,18/04/2023,BR005,B070,9781116402431,The Rising Horizon,Devansh Rathi,Children,1970,English,Physical,Maplewood Press,BR002,Lakeside Library,Mumbai,Powai,Community Library,6000,2025-06-24,2025-07-02,2025-06-27,returned,1,No,1,Self-Service,0.0,11,3,High Demand
TXN0251,R014,Vikram Nair,34,Male,Adult,2021-10-03,BR001,B016,9788047877267,The Ancient Shadow,Ethan Wilson,Fantasy,1997,English,E-Book,Ivory Tower Press,BR001,Central Public Library,Mumbai,Dadar,Central Library,12000,2024-06-24,24-Jul-2024,2024-07-03,Returned,0,Yes,2,Counter,0.0,8,1,Limited
TXN0072,R152,Ishaan Verma,18,,Student,2017-02-25,BR006,B044,9784218981849,The Golden Labyrinth,Emily Carter,Health,1986,Hindi,E-Book,Bluewave Publishing,BR006,City Knowledge Centre,Nagpur,Civil Lines,Central Library,9000,2023-11-24,2023-12-07,2023-12-17,Returned,0,No,0,Self-Service,24.04,6,4,High Demand
TXN0433,R048,Sophia Adams,23,Female,Student,01/06/2015,BR002,B047,9786796738787,The Distant Detective,Vikram Singh,MYSTERY,2022,English,Physical,Horizon House,BR002,Lakeside Library,Mumbai,Powai,Community Library,6000,2023-10-14,2023-10-23,2023-10-19,Returned,0,No,0,Counter,0.0,5,1,High Demand
TXN0370,R141,Chris Cole,,Female,Student,2021-03-11,BR003,B060,9782047905204,The Silent Stars,Devansh Rathi,Technology,1974,Marathi,E-Book,Golden Quill Publishing,BR003,Riverside Library,Pune,Kothrud,Community Library,5500,2023-07-16,2023-08-06,2023-07-21,Returned,0,No,1,Self-Service,0.0,8,5,Limited
TXN0390,R099,Isabella Wilson,44,Non-Binary,Researcher,2018-03-24,BR010,B032,9788507497883,The Crimson Flame,Arjun Rao,Fiction,2013,Marathi,Physical,Bluewave Publishing,BR010,Knowledge Hub Library,Nagpur,Dharampeth,University Library,7000,2025-04-06,2025-05-02,2025-05-04,Returned,0,No,1,Self-Service,9.81,7,7,Limited
TXN0333,R175,Michael Clarke,50,Male,Adult,2021-02-12,BR001,B046,9784011966884,The Secret Mountain,Sneha Reddy,Business,1969,English,E-Book,Northlight Publishing,BR001,Central Public Library,Mumbai,Dadar,Central Library,12000,16-07-2025,2025-07-28,2025-08-03,Returned,1,No,0,Self-Service,24.1,5,3,Limited
TXN0165,R046,Aditi Bhatt,26,Male,Adult,2022-01-17,BR001,B069,9786242173772,The Shattered Journey,Vikram Singh,Fantasy,2013,English,E-Book,Golden Quill Publishing,BR006,City Knowledge Centre,  Nagpur,Civil Lines,Central Library,9000,2025-05-14,2025-06-12,,Overdue,1,No,0,Counter,65.13,4,1,High Demand
TXN0363,R146,Maya Bennett,70,Male,Senior,2023-04-18,BR005,B008,9785728765136,The Forgotten Garden,Aditi Verma,Children,1965,English,Physical,Aurora Publications,BR005,Heritage Library,Nashik,College Road,Central Library,8000,2024-03-24,2024-03-31,2024-04-04,Returned,1,No,0,Self-Service,12.08,16,15,Low Demand
TXN0369,R152,Ishaan Verma,18,Male,Student,2017-02-25,BR006,B028,9785618742930,The Forgotten Garden, Chris Evans,Fiction,2022,English,Physical,Horizon House,BR006,City Knowledge Centre,Nagpur,Civil Lines,Central Library,9000,2023-04-23,2023-05-21,2023-05-02,Returned,0,No,0,Self-Service,0.0,11,11,Normal
TXN0033,R123,Ritu Patel,29,Prefer Not to Say,Adult,2017-01-07,BR007,B084,9788352307139,The Golden Labyrinth,William Turner,History,1994,English,E-Book,Everest Publications,BR007,Sunrise Community Library,Thane,Ghodbunder,Neighborhood Library,2500,2022-03-20,2022-04-09,2022-03-31,Returned,0,Yes,0,Counter,0.0,11,11,Low Demand
TXN0236,R162, Simran Malhotra,50,Prefer Not to Say,Adult,2023-10-15,BR010,B095,9783836517266,The Radiant Storm,Aarav Mehta,Mystery,2017,English,Physical,Ivory Tower Press,BR010,Knowledge Hub Library,Nagpur,Dharampeth,University Library,7000,2024-12-20,17-01-2025,2025-01-09,Returned,3,Yes,6,Self-Service,0.0,4,0,High Demand
TXN0169,R081,Ritika Gupta,76,Male,Senior,2015-07-19,BR001,B092,9781651662547,The Crimson Flame,Laura Palmer,Science Fiction,1994,English,Physical,Coral Books,BR005,Heritage Library,Nashik,College Road,Central Library,8000,2023-10-26,2023-11-04,2023-11-10,Returned,0,No,1,Counter,14.18,8,7,Limited
TXN0080,R024,Ethan Robinson,49,Male,Adult,2024-10-16,BR001,B060,9782047905204,The Silent Stars,Devansh Rathi,Technology,1974,Marathi,E-Book,Golden Quill Publishing,BR001,Central Public Library,Mumbai,Dadar,Central Library,12000,2022-04-13,2022-04-26,2022-05-01,Returned,1,Yes,1,Mobile App,19.38,8,5,Limited
TXN0398,R023,Simran Kaur,21,Female,Student,2018-10-02,BR001,B069,9786242173772,The Shattered Journey,Vikram Singh,Fantasy,2013,English,E-Book,Golden Quill Publishing,BR001,Central Public Library,Mumbai,Dadar,Central Library,12000,2025-03-27,2025-04-16,2025-04-26,Returned,0,No,0,Mobile App,36.0,4,1,High Demand
TXN0142,R040,Rohan Mehta,12,Male,Child,2017-11-14,BR001,B046,9784011966884,The Secret Mountain,Sneha Reddy,Business,1969,English,E-Book,Northlight Publishing,BR001,Central Public Library,Mumbai,Dadar,Central Library,12000,2024-05-04,25/05/2024,08-May-2024,Returned,3,No,0,Self-Service,0.0,5,3,Limited
TXN0351,R029,Arnav Chopra,31,Female,Adult,2015-06-04,BR006,B015,9789573276057,The Radiant Storm,Yash Chopra,Mystery,2017,Spanish,E-Book,Horizon House,BR006,City Knowledge Centre,Nagpur,Civil Lines,Central Library,9000,2023-06-06,2023-06-29,,Lost,3,No,0,Counter,829.0,4,3,Normal
TXN0090,R164,Sophia Kim,43,female,Adult,2016-09-23,BR003,B069,9786242173772,The Shattered Journey,Vikram Singh,Fantasy,2013,English,E-Book,Golden Quill Publishing,BR003,Riverside Library,Pune,Kothrud,Community Library,5500,2025-03-11,2025-03-20,2025-03-28,Returned,1,Yes,9,Self-Service,25.58,4,1,High Demand
TXN0005,R148,Sophia Anderson,25,Female,Researcher,2015-07-18,BR007,B065,9787533932947,The Endless Path,Ritika Menon,Mystery,2011,Hindi,Physical,Maplewood Press,BR007,Sunrise Community Library,Thane,Ghodbunder,Neighborhood Library,2500,2024-08-25,2024-09-24,2024-08-29,Returned,1,No,0,Counter,0.0,3,0,High Demand
TXN0104,R031,Rahul Bhatt,18,FEMALE,Student,2023-01-26,BR002,B055,9786587537178,The Radiant Storm,Chris Evans,Health,2004,English,E-Book,Riverside Books,BR002,Lakeside Library,Mumbai,Powai,Community Library,6000,2025-03-07,2025-03-17,2025-03-26,Returned,0,No,0,Self-Service,34.66,11,11,Normal
TXN0111,R005,Ritu Bhatt,57,Male,Adult,2022-08-11,BR005,B012,9788110054933,The Crimson Flame,Nathan Cole,Business,2021,English,Physical,Ivory Tower Press,BR006,City Knowledge Centre,Nagpur,Civil Lines,Central Library,9000,2022-06-15,2022-06-22,2022-06-21,Returned,0,No,0,Counter,0.0,11,9,Low Demand
TXN0343,R153,Rahul Reddy,47,Male,Adult,2020-02-24,BR005,B076,9784070964768,The Ancient Shadow,Neha Kapoor,Thriller,1964,English,E-Book,Everest Publications,BR005,Heritage Library,Nashik,,Central Library,8000,2024-08-09,27-Aug-2024,2024-08-23,Returned,1,No,0,Counter,0.0,15,15,Normal
TXN0365,R169,Ishaan Malhotra,58,male,Adult,2018-05-18,BR002,B049,9789462806178,The Shattered Journey,Sophia Brown,Thriller,1987,English,Physical,Maplewood Press,BR001,Central Public Library,Mumbai,Dadar,Central Library,12000,2023-07-07,2023-07-29,2023-08-04,Returned,0,No,0,Mobile App,23.5,5,1,High Demand
TXN0394,R107,Ritika Rathi,69,Female,Senior,2016-03-15,BR009,B022,9785569956444,The Lost Legacy,Rohan Desai,Thriller,2001,English,Physical,Aurora Publications,BR009,Hillview Library,Pune,Aundh,Neighborhood Library,2800,2024-12-13,2025-01-12,2025-01-19,Returned,0,No,1,Counter,15.5,8,1,Normal
TXN0153,R150,Emily Carter,25,F,Student,2020-12-19,BR005,B007,9784026113008,The Distant Detective,Kavya Sharma,Romance,1956,French,E-Book,Cedarwood Press,BR004,Greenfield Library,Pune,Baner,Neighborhood Library,3000,2024-06-24,2024-07-11,2024-07-19,Returned,3,Yes,2,Mobile App,23.07,8,7,High Demand
TXN0199,R159,Olivia Evans,38,Female,Adult,2025-06-01,BR001,B054,9781546696950,The Sacred Future,Grace Kim,Romance,2008,Hindi,Physical,Riverside Books,BR001,Central Public Library,Mumbai,Dadar,Central Library,12000,2023-12-18,2023-12-29,2024-01-07,Returned,0,No,0,Mobile App,18.58,7,3,High Demand
TXN0453,R071,Jack Foster,60,,Adult,2016-01-18,BR005,B031,9788380507338,The Whispering Harbor,Ishaan Kapoor,Mystery,2000,English,E-Book,Bluewave Publishing,BR001,Central Public Library,Mumbai,Dadar,Central Library,12000,2023-01-22,2023-02-05,2023-02-04,Returned,1,No,0,Self-Service,0.0,2,1,High Demand
TXN0032,R063,Ethan Mitchell,65,Prefer Not to Say,Researcher,2022-12-16,BR001,B088,9787858164010,The Forgotten Garden,Olivia Bennett,Health,2004,English,Physical,Ivory Tower Press,BR001,Central Public Library,Mumbai,Dadar,Central Library,12000,2024-03-07,2024-03-30,2024-03-10,Returned,0,Yes,1,Online,0.0,6,5,Normal
TXN0399,R042,Aryan Shah,25,Male,Student,2021-09-10,BR005,B028,9785618742930,  The Forgotten Garden,Chris Evans,Fiction,2022,English,Physical, Horizon House,BR009,Hillview Library,  Pune,Aundh,Neighborhood Library,2800,2025-02-19,2025-03-09,,Active,0,No,0,Mobile App,0.0,11,11,Normal
TXN0173,R128,Laura Robinson,84,Male,Senior,2023-08-04,BR010,B086,9787243788374,The Secret Mountain,Ritu Joshi,Mystery,1995,English,Physical,Crestwood Press,BR001,Central Public Library,Mumbai,Dadar,Central Library,12000,2023-05-24,2023-06-01,2023-06-09,Returned,0,No,1,Counter,27.0,6,3,Normal
TXN0184,R127,Rahul Kapoor,22,Female,Student,2018-02-03,BR001,B092,9781651662547,The Crimson Flame,Laura Palmer,Science Fiction,1994,English,Physical,Coral Books,BR001,Central Public Library,Mumbai,Dadar,Central Library,12000,2022-09-11,2022-09-25,2022-09-14,Returned,0,No,0,Counter,0.0,8,7,Limited
TXN0118,R141,Chris Cole,19,Female,Student,2021-03-11,BR003,B094,9783667292043,The Sacred Future,Oliver James,Education,1994,Hindi,Physical,Everest Publications,BR003,Riverside Library,Pune,Kothrud,Community Library,5500,2024-08-23,2024-09-21,2024-09-03,Returned,1,No,0,Counter,0.0,7,4,Limited
TXN0222,R126,  Isabella Adams,39,Female,Adult,2022-07-21,BR006,B036,9781311570307,The Ancient Shadow,Ava Mitchell ,Romance,2017,English,Physical,Crestwood Press,BR006,City Knowledge Centre,Nagpur,Civil Lines,Central Library,9000,2023-12-02,11-12-2023,2023-12-05,Returned,0,No,1,Counter,0.0,13,13,Normal
TXN0364,R124,Henry Evans,11,Male,Child,2019-03-19,BR001,B016,9788047877267,The Ancient Shadow,Ethan Wilson,Fantasy,1997,English,E-Book,Ivory Tower Press,BR005,Heritage Library, Nashik,College Road,Central Library,8000,2023-01-26,2023-02-03,2023-02-25,Overdue,0,No,0,Online,159.47,8,1,Limited
TXN0232,R061,Michael Robinson,20,Female,student,2018-03-15,BR006,B070,9781116402431,The Rising Horizon,Devansh Rathi,Children,1970,English,Physical,Maplewood Press,BR005,Heritage Library,Nashik,College Road,Central Library,8000,2022-03-20,2022-04-17,2022-03-26,Returned,0,No,0,Self-Service,0.0,11,3,High Demand
TXN0131,R100,Michael Scott,150,Female,Adult,2024-04-14,BR005,B040,9787393195616,The Silent Stars,Arjun Rao,Fiction,2010,English,Physical,,BR008,Metro Reading Centre,  Mumbai,Andheri,Community Library,5000,2025-09-05,2025-09-18,2025-09-27,Returned,0,Yes,0,Counter,41.35,9,7,Normal
TXN0224,R137,Meera Gupta,38,Male,Adult,2016-01-14,BR005,B029,9784645120421,The Shattered Journey,Aarav Mehta,Children,2013,Marathi,Audiobook,Silverline Press,BR005,Heritage Library,Nashik,College Road,Central Library,8000,2025-09-07,2025-10-06,2025-10-11,Returned,0,No,1,Online,10.06,11,6,Limited
TXN0282,R105,Arnav Sharma,62,Female,Senior,2025-03-29,BR009,B053,9784642197907,The Frozen River,Amanda Clarke,Science Fiction,2015,English,Physical,Ivory Tower Press,BR009,Hillview Library,Pune,Aundh,Neighborhood Library,2800,2023-06-24,2023-07-19,,Active,0,No,0,Counter,0.0,6,6,Normal
TXN0419,R052,Tanvi Gupta,43,Prefer Not to Say,Researcher,2025-05-13,BR008,B051,9788339176912,The Whispering Harbor,Ananya Mehta,SELF-HELP,1961,English,Audiobook,Ivory Tower Press,BR003,Riverside Library,Pune,Kothrud,Community Library,5500,2025-04-24,2025-05-08,2025-05-18,Returned,0,No,0,Online,25.37,6,0,High Demand
TXN0387,R070,Yash Joshi,,Non-Binary,Adult,26-06-2024,BR001,B061,9782825989011,The Hidden Kingdom,Sophia Brown,History,2024,English,Physical,Skyline Publications,BR006,City Knowledge Centre,Nagpur,Civil Lines,Central Library,9000,2023-01-28,2023-02-27,2023-03-03,Returned,0,No,1,Mobile App,8.65,17,16,Normal
TXN0384,R028,Michael Cole,38,Male,Adult,2016-07-17,BR001,B089,9783294092753,The Shattered Journey,Aditi Verma,Fiction,1992,English,Audiobook,Aurora Publications,BR001,Central Public Library,Mumbai,Dadar,Central Library,12000,2025-07-11,2025-07-18,2025-07-23,Returned,0,No,0,Mobile App,17.67,10,2,Normal
